"cluster","pattern","count"
1,"General / unspecified",20
1,"Residential buildings",6
1,"High-rise buildings",3
2,"Schools / classrooms",3
3,"General / unspecified",154
3,"Schools / classrooms",61
3,"Residential buildings",24
3,"Office buildings",5
3,"University / campus",5
3,"High-rise buildings",4
4,"General / unspecified",5
4,"Schools / classrooms",3
5,"General / unspecified",91
5,"Residential buildings",10
5,"Office buildings",8
5,"Schools / classrooms",5
5,"High-rise buildings",3
6,"Schools / classrooms",78
6,"General / unspecified",39
6,"Residential buildings",6
6,"University / campus",6
