"DI","TI","PY","SO","Decision","Reason","Include_manual","Include_final"
"10.1016/j.energy.2024.132343","a bi-level real-time optimal control strategy for thermal coupled multi-zone dedicated outside air system-assisted hvac systems",2024,"ENERGY","AUTO-EXCLUDE","EX-G0.1 HVAC-only",NA,0
"10.3390/app15137019","a comparative evaluation of the thermal performance of passive facades with variable cavity widths for near-zero energy buildings (nzeb): a modeling study",2025,"APPLIED SCIENCES-BASEL","TO_REVIEW","REV-G1 Scope unclear",0,0
"10.1016/j.seta.2021.101661","a comparative evaluation of the thermal performance of passive facades with variable cavity widths for near-zero energy buildings (nzeb): a modeling study",2022,"SUSTAINABLE ENERGY TECHNOLOGIES AND ASSESSMENTS","TO_REVIEW","REV-G1 Scope unclear",0,0
"10.1109/access.2024.3498107","a comprehensive review of digital twin technology in building energy consumption forecasting",2024,"IEEE ACCESS","AUTO-EXCLUDE","EX-G0.1 HVAC-only",NA,0
"10.1016/j.enbuild.2025.116116","a comprehensive review of digital twin technology in building energy consumption forecasting",2025,"ENERGY AND BUILDINGS","AUTO-EXCLUDE","EX-G1.0 No ventilation signal",NA,0
"10.1007/s10973-023-12837-3","a comprehensive review of digital twin technology in building energy consumption forecasting",2024,"JOURNAL OF THERMAL ANALYSIS AND CALORIMETRY","AUTO-EXCLUDE","EX-G0.1 HVAC-only",NA,0
"10.1016/j.buildenv.2021.108533","a coupled computational fluid dynamics and back-propagation neural network-based particle swarm optimizer algorithm for predicting and optimizing indoor air quality",2022,"BUILDING AND ENVIRONMENT","AUTO-EXCLUDE","EX-G0.1 HVAC-only",NA,0
"10.1016/j.buildenv.2025.112681","a coupled computational fluid dynamics and back-propagation neural network-based particle swarm optimizer algorithm for predicting and optimizing indoor air quality",2025,"BUILDING AND ENVIRONMENT","AUTO-INCLUDE","IN-G3 Full criteria met",NA,1
"10.1016/j.buildenv.2025.113822","a data-driven model predictive control strategy with integrated rule mining to optimize hvac operations under multiple occupants' activities",2026,"BUILDING AND ENVIRONMENT","AUTO-EXCLUDE","EX-G0.1 HVAC-only",NA,0
"10.1016/j.renene.2021.05.155","a deep learning approach towards the detection and recognition of opening of windows for effective management of building ventilation heat losses and reducing space heating demand",2021,"RENEWABLE ENERGY","AUTO-INCLUDE","IN-G3 Full criteria met",NA,1
"10.3390/su132212425","a field study on thermal comfort and cooling load demand optimization in a tropical climate",2021,"SUSTAINABILITY","AUTO-EXCLUDE","EX-G1.0 No ventilation signal",NA,0
"10.1080/15435075.2022.2100706","a framework for rapid diagnosis of natural ventilation effect during early design stage using thermal autonomy",2023,"INTERNATIONAL JOURNAL OF GREEN ENERGY","AUTO-INCLUDE","IN-G3 Full criteria met",NA,1
"10.1016/j.energy.2021.120741","a hierarchical optimal control strategy for continuous demand response of building hvac systems to provide frequency regulation service to smart power grids",2021,"ENERGY","AUTO-EXCLUDE","EX-G0.1 HVAC-only",NA,0
"10.1016/j.buildenv.2019.02.027","a holistic framework to utilize natural ventilation to optimize energy performance of residential high-rise buildings",2019,"BUILDING AND ENVIRONMENT","AUTO-INCLUDE","IN-G3 Full criteria met",NA,1
"10.1016/j.energy.2016.07.058","a holistic passive design approach to optimize indoor environmental quality of a typical residential building in hong kong",2016,"ENERGY","AUTO-INCLUDE","IN-G3 Full criteria met",NA,1
"10.3390/en18154164","a hybrid machine learning approach for high-accuracy energy consumption prediction using indoor environmental quality sensors",2025,"ENERGIES","AUTO-EXCLUDE","EX-G0.1 HVAC-only",NA,0
"10.3390/su12031051","a integrated dedicated outdoor air system to optimize energy saving",2020,"SUSTAINABILITY","AUTO-EXCLUDE","EX-G1.0 No ventilation signal",NA,0
"10.1016/j.jobe.2021.103175","a method for optimal operation of hvac with heat pumps for reducing the energy demand of large-scale non residential buildings",2021,"JOURNAL OF BUILDING ENGINEERING","AUTO-EXCLUDE","EX-G0.1 HVAC-only",NA,0
"10.3390/buildings14072111","a method to optimize dormitory environments based on personnel behavior regulation",2024,"BUILDINGS","AUTO-INCLUDE","IN-G3 Full criteria met",NA,1
"10.1016/j.energy.2019.02.035","a multi-objective optimization model for determining the building design and occupant behaviors based on energy, economic, and environmental performance",2019,"ENERGY","TO_REVIEW","REV-G1 Scope unclear",1,1
"10.1177/1420326x15626237","a new comprehensive evaluating method for assessing the sustainability credentials of the central air-conditioning system",2016,"INDOOR AND BUILT ENVIRONMENT","AUTO-EXCLUDE","EX-G1.0 No ventilation signal",NA,0
"10.1016/j.applthermaleng.2022.118908","a novel adaptive predictive control strategy of hybrid radiant-air cooling systems operating in desert climates",2022,"APPLIED THERMAL ENGINEERING","AUTO-EXCLUDE","EX-G0.1 HVAC-only",NA,0
"10.1016/j.solener.2021.07.008","a novel methodological framework for the optimisation of post-war social housing developments in the south-eastern mediterranean climate: policy design and life-cycle cost impact analysis of retrofitting strategies",2021,"SOLAR ENERGY","TO_REVIEW","REV-G1 Scope unclear",1,1
"10.1016/j.buildenv.2023.110332","a novel adaptive predictive control strategy of hybrid radiant-air cooling systems operating in desert climates",2023,"BUILDING AND ENVIRONMENT","AUTO-EXCLUDE","EX-G0.1 HVAC-only",NA,0
"10.1016/j.enbuild.2024.114944","a novel ventilation method: experimental measurement and numerical simulation of vertical single-row inclined slit ventilation",2024,"ENERGY AND BUILDINGS","AUTO-EXCLUDE","EX-G0.1 HVAC-only",NA,0
"10.1016/j.buildenv.2025.113307","a novel wall windcatcher (wwc) natural ventilation system evaluated through cfd and experimental field testing-a solution to single-sided ventilation in multi-story buildings?",2025,"BUILDING AND ENVIRONMENT","AUTO-INCLUDE","IN-G3 Full criteria met",NA,1
"10.1016/j.jclepro.2022.134753","a prediction model for co2 concentration and multi-objective optimization of co2 concentration and annual electricity consumption cost in residential buildings using ann and ga",2022,"JOURNAL OF CLEANER PRODUCTION","AUTO-EXCLUDE","EX-G0.1 HVAC-only",NA,0
"10.1016/j.energy.2018.12.182","a quantity-quality-based optimization method for indoor thermal environment design",2019,"ENERGY","AUTO-EXCLUDE","EX-G0.1 HVAC-only",NA,0
"10.1016/j.scs.2017.04.011","a review of air filtration technologies for sustainable and healthy building ventilation",2017,"SUSTAINABLE CITIES AND SOCIETY","TO_REVIEW","REV-G1 Scope unclear",0,0
"10.3390/app12115473","a review of recent literature on systems and methods for the control of thermal comfort in buildings",2022,"APPLIED SCIENCES-BASEL","AUTO-EXCLUDE","EX-G0.1 HVAC-only",NA,0
"10.3390/en15103526","a review of reinforcement learning applications to control of heating, ventilation and air conditioning systems",2022,"ENERGIES","AUTO-EXCLUDE","EX-G0.1 HVAC-only",NA,0
"10.1016/j.jobe.2022.105430","a review of recent literature on systems and methods for the control of thermal comfort in buildings",2023,"JOURNAL OF BUILDING ENGINEERING","TO_REVIEW","REV-G1 Scope unclear",0,0
"10.1016/j.rser.2017.04.027","a review on current advances in the energy and environmental performance of buildings towards a more sustainable built environment",2017,"RENEWABLE & SUSTAINABLE ENERGY REVIEWS","AUTO-EXCLUDE","EX-G1.0 No ventilation signal",NA,0
"10.1016/j.rser.2015.01.051","a review on desiccant based evaporative cooling systems",2015,"RENEWABLE & SUSTAINABLE ENERGY REVIEWS","AUTO-EXCLUDE","EX-G0.1 HVAC-only",NA,0
"10.1016/j.enbuild.2015.04.033","a review of reinforcement learning applications to control of heating, ventilation and air conditioning systems",2015,"ENERGY AND BUILDINGS","TO_REVIEW","REV-G2 No optimisation",1,1
"10.1016/j.enbuild.2019.109380","a robust air balancing method for dedicated outdoor air system",2019,"ENERGY AND BUILDINGS","AUTO-EXCLUDE","EX-G1.0 No ventilation signal",NA,0
"10.1016/j.jobe.2019.100936","a simulation-aided approach in improving thermal-visual comfort and power efficiency in buildings",2020,"JOURNAL OF BUILDING ENGINEERING","TO_REVIEW","REV-G1 Scope unclear",0,0
"10.3390/buildings15121992","a simulation-based study of classroom iaq and thermal comfort performance across new zealand's six climate zones: the avalon typology",2025,"BUILDINGS","AUTO-INCLUDE","IN-G3 Full criteria met",NA,1
"10.1177/1420326x241258678","a systematic review of multi-output prediction model for indoor environment and heating, ventilation, and air conditioning energy consumption in buildings",2024,"INDOOR AND BUILT ENVIRONMENT","AUTO-EXCLUDE","EX-G0.1 HVAC-only",NA,0
"10.1007/s12273-023-1092-3","a theoretical study on gaseous pollutant flushing of natural ventilation driven by buoyancy forces in industrial buildings",2024,"BUILDING SIMULATION","AUTO-INCLUDE","IN-G3 Full criteria met",NA,1
"10.1177/1420326x20939305","a topsis optimization for the indoor thermal environment through oscillating airflow generated from a cassette split type air conditioner",2021,"INDOOR AND BUILT ENVIRONMENT","TO_REVIEW","REV-G1 Scope unclear",0,0
"10.1016/j.apenergy.2018.11.016","achieving natural ventilation potential in practice: control schemes and levels of automation",2019,"APPLIED ENERGY","AUTO-INCLUDE","IN-G3 Full criteria met",NA,1
"10.1016/j.buildenv.2023.110519","adaptive model predictive control with ensembled multi-time scale deep-learning models for smart control of natural ventilation",2023,"BUILDING AND ENVIRONMENT","AUTO-INCLUDE","IN-G3 Full criteria met",NA,1
"10.1016/j.seta.2024.104012","advances in smart cities with system integration and energy digitalization technologies: a state-of-the-art review",2024,"SUSTAINABLE ENERGY TECHNOLOGIES AND ASSESSMENTS","AUTO-EXCLUDE","EX-G1.0 No ventilation signal",NA,0
"10.1007/s10462-022-10286-2","ai-big data analytics for building automation and management systems: a survey, actual challenges and future perspectives",2023,"ARTIFICIAL INTELLIGENCE REVIEW","AUTO-EXCLUDE","EX-G0.1 HVAC-only",NA,0
"10.1016/j.jobe.2021.102388","air damper with controlling capacity unrelated to duct system resistance",2021,"JOURNAL OF BUILDING ENGINEERING","AUTO-EXCLUDE","EX-G0.1 HVAC-only",NA,0
"10.1016/j.buildenv.2023.110716","air quality and comfort constrained energy efficient operation of multi-zone buildings",2023,"BUILDING AND ENVIRONMENT","AUTO-EXCLUDE","EX-G0.1 HVAC-only",NA,0
"10.1007/s44150-022-00059-4","air quality and comfort constrained energy efficient operation of multi-zone buildings",2023,"ARCHITECTURE, STRUCTURES AND CONSTRUCTION","AUTO-EXCLUDE","EX-G0.1 HVAC-only",NA,0
"10.3390/s25144456","airflow dynamics for micro-wind environment optimization and human comfort improvement: roadshow design for theater stage spaces",2025,"SENSORS","AUTO-EXCLUDE","EX-G0.1 HVAC-only",NA,0
"10.1016/j.buildenv.2025.112975","an analysis of the application potential of protected zone ventilation in hospitals based on experiments and simulations",2025,"BUILDING AND ENVIRONMENT","TO_REVIEW","REV-G1 Scope unclear",0,0
"10.1080/14786451.2014.907293","an approach to optimised control of hvac systems in indoor swimming pools",2016,"INTERNATIONAL JOURNAL OF SUSTAINABLE ENERGY","AUTO-EXCLUDE","EX-G0.1 HVAC-only",NA,0
"10.1016/j.apenergy.2018.03.162","an autonomous hierarchical control for improving indoor comfort and energy efficiency of a direct expansion air conditioning system",2018,"APPLIED ENERGY","AUTO-EXCLUDE","EX-G0.1 HVAC-only",NA,0
"10.3390/su17062432","an energy-efficient approach for thermal comfort and sleep quality in subtropical bedrooms",2025,"SUSTAINABILITY","AUTO-INCLUDE","IN-G3 Full criteria met",NA,1
"10.1016/j.egypro.2016.06.065","an exhaustive parametric study on major passive design strategies of a typical high-rise residential building in hong kong",2016,"CUE 2015 - APPLIED ENERGY SYMPOSIUM AND SUMMIT 2015: LOW CARBON CITIES AND URBAN ENERGY SYSTEMS","AUTO-INCLUDE","IN-G3 Full criteria met",NA,1
"10.1016/j.renene.2021.05.004","an experimental investigation on the passive ventilation and cooling performance of an integrated solar chimney and earth-air heat exchanger",2021,"RENEWABLE ENERGY","TO_REVIEW","REV-G2 No optimisation",1,1
"10.1016/j.buildenv.2018.05.001","an indoor environmental quality (ieq) assessment of a partially-retrofitted university building",2018,"BUILDING AND ENVIRONMENT","AUTO-EXCLUDE","EX-G1.0 No ventilation signal",NA,0
"10.1016/j.tws.2024.112708","an innovative hollow-cable dome structure for indoor cooling",2025,"THIN-WALLED STRUCTURES","AUTO-EXCLUDE","EX-G0.1 HVAC-only",NA,0
"10.1016/j.enbuild.2018.11.009","an integrated model for position-based productivity and energy costs optimization in offices",2019,"ENERGY AND BUILDINGS","AUTO-EXCLUDE","EX-G1.0 No ventilation signal",NA,0
"10.1016/j.aei.2023.101895","an intelligent hvac control strategy for supplying comfortable and energy-efficient school environment",2023,"ADVANCED ENGINEERING INFORMATICS","AUTO-EXCLUDE","EX-G0.1 HVAC-only",NA,0
"10.1080/14733315.2023.2300231","an intelligent hvac control strategy for supplying comfortable and energy-efficient school environment",2024,"INTERNATIONAL JOURNAL OF VENTILATION","AUTO-EXCLUDE","EX-G0.1 HVAC-only",NA,0
"10.1080/17512549.2020.1784276","an investigation of thermal comfort, iaq, and energy saving in ufad systems using a combination of taguchi optimization algorithm and cfd",2021,"ADVANCES IN BUILDING ENERGY RESEARCH","TO_REVIEW","REV-G1 Scope unclear",0,0
"10.1016/j.enbuild.2023.112899","an occupant-centric control strategy for indoor thermal comfort, air quality and energy management",2023,"ENERGY AND BUILDINGS","AUTO-INCLUDE","IN-G3 Full criteria met",NA,1
"10.1016/j.buildenv.2019.106234","an optimal implementation strategy of the multi-function window considering the nonlinearity of its technical-environmental-economic performance by window ventilation system size",2019,"BUILDING AND ENVIRONMENT","AUTO-EXCLUDE","EX-G0.1 HVAC-only",NA,0
"10.1016/j.enbuild.2017.11.067","analysis of operational performance of a mechanical ventilation cooling system with latent thermal energy storage",2018,"ENERGY AND BUILDINGS","AUTO-EXCLUDE","EX-G0.1 HVAC-only",NA,0
"10.1016/j.buildenv.2019.04.003","analyzing the real-time indoor environmental quality factors considering the influence of the building occupants' behaviors and the ventilation",2019,"BUILDING AND ENVIRONMENT","TO_REVIEW","REV-G1 Scope unclear",0,0
"10.3390/su15129168","application of an architect-friendly digital design approach to the wind environment of campus dormitory buildings",2023,"SUSTAINABILITY","TO_REVIEW","REV-G3 Insufficient performance",1,1
"10.3390/en17236097","application of an architect-friendly digital design approach to the wind environment of campus dormitory buildings",2024,"ENERGIES","AUTO-INCLUDE","IN-G3 Full criteria met",NA,1
"10.3390/app10072233","assessing the energy demand reduction in a surgical suite by optimizing the hvac operation during off-use periods",2020,"APPLIED SCIENCES-BASEL","AUTO-EXCLUDE","EX-G0.1 HVAC-only",NA,0
"10.3390/su17125576","assessment and enhancement of indoor environmental quality in a school building",2025,"SUSTAINABILITY","TO_REVIEW","REV-G1 Scope unclear",0,0
"10.1016/j.jobe.2024.110032","assessment of the impact of setting the heating curve on reducing gas consumption in a residential building while ensuring thermal comfort",2024,"JOURNAL OF BUILDING ENGINEERING","AUTO-EXCLUDE","EX-G0.1 HVAC-only",NA,0
"10.1016/j.buildenv.2019.106325","assessment of the impact of setting the heating curve on reducing gas consumption in a residential building while ensuring thermal comfort",2019,"BUILDING AND ENVIRONMENT","AUTO-EXCLUDE","EX-G1.0 No ventilation signal",NA,0
"10.1016/j.enbuild.2025.115501","balancing indoor air quality and ventilation efforts via deep reinforcement learning: an agent-based approach applied to an office building",2025,"ENERGY AND BUILDINGS","AUTO-EXCLUDE","EX-G0.1 HVAC-only",NA,0
"10.1016/j.jclepro.2024.140741","balancing thermal comfort and energy efficiency in high-rise public housing in hong kong: insights and recommendations",2024,"JOURNAL OF CLEANER PRODUCTION","AUTO-EXCLUDE","EX-G0.1 HVAC-only",NA,0
"10.1016/j.applthermaleng.2024.122862","balancing ventilation performance and energy conservation: an integrated multi-objective optimization and preference-based decision-making model for optimizing impinging jet ventilation",2024,"APPLIED THERMAL ENGINEERING","AUTO-EXCLUDE","EX-G0.1 HVAC-only",NA,0
"10.1177/1744259117735465","buildings with environmental quality management, part 2: integration of hydronic heating/cooling with thermal mass",2018,"JOURNAL OF BUILDING PHYSICS","TO_REVIEW","REV-G1 Scope unclear",0,0
"10.1016/j.enconman.2015.12.067","ceiling personalized ventilation combined with desk fans for reduced direct and indirect cross-contamination and efficient use of office space",2016,"ENERGY CONVERSION AND MANAGEMENT","AUTO-EXCLUDE","EX-G0.1 HVAC-only",NA,0
"10.1016/j.enbuild.2023.113033","cfd modelling of infection control in indoor environments: a focus on room-level air recirculation systems",2023,"ENERGY AND BUILDINGS","TO_REVIEW","REV-G1 Scope unclear",0,0
"10.1177/09544089231217960","cfd-based multi-objective optimization of indoor air quality and thermal comfort in a classroom",2024,"PROCEEDINGS OF THE INSTITUTION OF MECHANICAL ENGINEERS PART E-JOURNAL OF PROCESS MECHANICAL ENGINEERING","AUTO-EXCLUDE","EX-G0.1 HVAC-only",NA,0
"10.1007/s12053-025-10311-7","climate resilience strategies for schools in mediterranean areas: is it feasible to condition air merely with ventilation?",2025,"ENERGY EFFICIENCY","AUTO-EXCLUDE","EX-G0.1 HVAC-only",NA,0
"10.1155/ina/6652442","co2- and pm2.5-focused optimal ventilation strategy based on predictive control",2025,"INDOOR AIR","AUTO-EXCLUDE","EX-G0.1 HVAC-only",NA,0
"10.1016/j.enconman.2021.114556","comparative analysis of sustainable desiccant - evaporative based ventilation systems for a typical qatari poultry house",2021,"ENERGY CONVERSION AND MANAGEMENT","AUTO-EXCLUDE","EX-G0.1 HVAC-only",NA,0
"10.1016/j.enbuild.2020.110206","comprehensive evaluation of energy and indoor-pm2.5-exposure performance of residential window and roller blind control strategies",2020,"ENERGY AND BUILDINGS","TO_REVIEW","REV-G1 Scope unclear",0,0
"10.3390/app15126755","comprehensive optimization of air quality in kitchen based on auxiliary evaluation indicators",2025,"APPLIED SCIENCES-BASEL","TO_REVIEW","REV-G1 Scope unclear",0,0
"10.1007/s12273-016-0285-4","computational intelligence techniques for hvac systems: a review",2016,"BUILDING SIMULATION","AUTO-EXCLUDE","EX-G0.1 HVAC-only",NA,0
"10.48084/etasr.7948","computational simulation and analysis of local thermal comfort and indoor air quality in space with displacement ventilation",2024,"ENGINEERING, TECHNOLOGY AND APPLIED SCIENCE RESEARCH","TO_REVIEW","REV-G1 Scope unclear",0,0
"10.3390/buildings15091536","condensation risk under different window-opening behaviours in a residential building in changsha during plum rains season",2025,"BUILDINGS","AUTO-INCLUDE","IN-G3 Full criteria met",NA,1
"10.1016/j.apenergy.2015.02.003","control strategies for intelligent glazed facade and their influence on energy and comfort performance of office buildings in denmark",2015,"APPLIED ENERGY","TO_REVIEW","REV-G1 Scope unclear",0,0
"10.1016/j.egyr.2021.06.037","controlled adjustments of indoor microclimate parameters for building's energy demand management",2021,"ENERGY REPORTS","AUTO-EXCLUDE","EX-G0.1 HVAC-only",NA,0
"10.3390/en16020592","controlling and limiting infection risk, thermal discomfort, and low indoor air quality in a classroom through natural ventilation controlled by smart windows",2023,"ENERGIES","AUTO-INCLUDE","IN-G3 Full criteria met",NA,1
"10.1016/j.energy.2018.05.093","cooling energy simulation and analysis of an intermittent ventilation strategy under different climates",2018,"ENERGY","AUTO-EXCLUDE","EX-G0.1 HVAC-only",NA,0
"10.1016/j.enbuild.2025.115609","cost-effective and low-carbon solutions for holistic rural building renovation in severe cold climate",2025,"ENERGY AND BUILDINGS","AUTO-EXCLUDE","EX-G0.1 HVAC-only",NA,0
"10.1016/j.apenergy.2016.09.044","cost-effective and low-carbon solutions for holistic rural building renovation in severe cold climate",2016,"APPLIED ENERGY","AUTO-EXCLUDE","EX-G0.1 HVAC-only",NA,0
"10.1016/j.scs.2017.04.009","cost-optimal renovation solutions to maximize environmental performance, indoor thermal conditions and productivity of office buildings in cold climate",2017,"SUSTAINABLE CITIES AND SOCIETY","AUTO-EXCLUDE","EX-G0.1 HVAC-only",NA,0
"10.1016/j.applthermaleng.2025.126019","coupled heat and mass transfer analysis for indoor air quality and thermal comfort in naturally ventilated offices",2025,"APPLIED THERMAL ENGINEERING","AUTO-INCLUDE","IN-G3 Full criteria met",NA,1
"10.3390/pr10122584","data analysis and optimization of thermal environment in underground commercial building in zhengzhou, china",2022,"PROCESSES","TO_REVIEW","REV-G1 Scope unclear",0,0
"10.1177/17442591231219025","data-driven prediction of indoor airflow distribution in naturally ventilated residential buildings using combined cfd simulation and machine learning (ml) approach",2024,"JOURNAL OF BUILDING PHYSICS","AUTO-INCLUDE","IN-G3 Full criteria met",NA,1
"10.3390/su17010058","data-driven prediction of indoor airflow distribution in naturally ventilated residential buildings using combined cfd simulation and machine learning (ml) approach",2025,"SUSTAINABILITY","AUTO-INCLUDE","IN-G3 Full criteria met",NA,1
"10.1016/j.apenergy.2016.08.098","defining the influence region in neighborhood-scale cfd simulations for natural ventilation design",2016,"APPLIED ENERGY","AUTO-EXCLUDE","EX-G0.2 CFD-only",NA,0
"10.1016/j.apenergy.2024.123581","demand response for residential buildings using hierarchical nonlinear model predictive control for plug-and-play",2024,"APPLIED ENERGY","AUTO-EXCLUDE","EX-G1.0 No ventilation signal",NA,0
"10.1177/01436244231208078","demand response strategy study of a radiant roof cooling system based on the thermal inertia of the building envelope",2024,"BUILDING SERVICES ENGINEERING RESEARCH & TECHNOLOGY","AUTO-EXCLUDE","EX-G1.0 No ventilation signal",NA,0
"10.1016/j.buildenv.2022.109053","demonstration of an mpc framework for all-air systems in non-residential buildings",2022,"BUILDING AND ENVIRONMENT","AUTO-EXCLUDE","EX-G0.1 HVAC-only",NA,0
"10.3390/s17051021","design and development of a nearable wireless system to control indoor air quality and indoor lighting quality",2017,"SENSORS","AUTO-EXCLUDE","EX-G0.1 HVAC-only",NA,0
"10.1109/access.2023.3262934","design and development of a nearable wireless system to control indoor air quality and indoor lighting quality",2023,"IEEE ACCESS","AUTO-EXCLUDE","EX-G0.1 HVAC-only",NA,0
"10.1016/j.ijhm.2015.01.005","design of an ice thermal energy storage system for a building of hospitality operation",2015,"INTERNATIONAL JOURNAL OF HOSPITALITY MANAGEMENT","AUTO-EXCLUDE","EX-G0.1 HVAC-only",NA,0
"10.3390/en15228456","design and development of a nearable wireless system to control indoor air quality and indoor lighting quality",2022,"ENERGIES","AUTO-INCLUDE","IN-G3 Full criteria met",NA,1
"10.1088/1755-1315/323/1/012007","design transformation from standard conformity to net surplus energy",2019,"SUSTAINABLE BUILT ENVIRONMENT D-A-CH CONFERENCE 2019 (SBE19 GRAZ)","AUTO-EXCLUDE","EX-G0.1 HVAC-only",NA,0
"10.1016/j.scs.2019.101673","development and application of linear ventilation and temperature models for indoor environmental prediction and hvac systems control",2019,"SUSTAINABLE CITIES AND SOCIETY","AUTO-EXCLUDE","EX-G0.1 HVAC-only",NA,0
"10.1016/j.enbuild.2024.114833","development and evaluation of a buoyancy-driven airflow window with multioperation modes",2024,"ENERGY AND BUILDINGS","TO_REVIEW","REV-G1 Scope unclear",0,0
"10.1002/er.5537","development and application of linear ventilation and temperature models for indoor environmental prediction and hvac systems control",2020,"INTERNATIONAL JOURNAL OF ENERGY RESEARCH","AUTO-EXCLUDE","EX-G0.1 HVAC-only",NA,0
"10.1016/j.jobe.2022.104600","development of a back-propagation neural network combined with an adaptive multi-objective particle swarm optimizer algorithm for predicting and optimizing indoor co2 and pm2.5 concentrations",2022,"JOURNAL OF BUILDING ENGINEERING","AUTO-EXCLUDE","EX-G0.1 HVAC-only",NA,0
"10.1016/j.energy.2017.01.049","development and application of linear ventilation and temperature models for indoor environmental prediction and hvac systems control",2017,"ENERGY","AUTO-EXCLUDE","EX-G0.1 HVAC-only",NA,0
"10.1016/j.buildenv.2019.106205","development and application of linear ventilation and temperature models for indoor environmental prediction and hvac systems control",2019,"BUILDING AND ENVIRONMENT","AUTO-EXCLUDE","EX-G0.1 HVAC-only",NA,0
"10.1016/j.conengprac.2019.06.017","distributed control for a multi-evaporator air conditioning system",2019,"CONTROL ENGINEERING PRACTICE","AUTO-EXCLUDE","EX-G0.1 HVAC-only",NA,0
"10.1109/tcst.2020.3047407","distributed control for a multi-evaporator air conditioning system",2021,"IEEE TRANSACTIONS ON CONTROL SYSTEMS TECHNOLOGY","AUTO-EXCLUDE","EX-G0.1 HVAC-only",NA,0
"10.1016/j.jobe.2023.106376","dual-objective building retrofit optimization under competing priorities using artificial neural network",2023,"JOURNAL OF BUILDING ENGINEERING","AUTO-EXCLUDE","EX-G0.1 HVAC-only",NA,0
"10.1016/j.buildenv.2018.05.029","dynamic control of room air temperature for stratum ventilation based on heat removal efficiency: method and experimental validations",2018,"BUILDING AND ENVIRONMENT","TO_REVIEW","REV-G1 Scope unclear",0,0
"10.3390/buildings15071123","dynamic integration of shading and ventilation: novel quantitative insights into building performance optimization",2025,"BUILDINGS","TO_REVIEW","REV-G1 Scope unclear",0,0
"10.1016/j.buildenv.2020.106994","dynamic metrics of natural ventilation cooling effectiveness for interactive modeling",2020,"BUILDING AND ENVIRONMENT","TO_REVIEW","REV-G2 No optimisation",1,1
"10.1016/j.buildenv.2024.111265","dynamic optimization of personal exposure and energy consumption while ensuring thermal comfort in a test house",2024,"BUILDING AND ENVIRONMENT","AUTO-EXCLUDE","EX-G0.1 HVAC-only",NA,0
"10.1016/j.buildenv.2023.110966","dynamic rule-based change-over ventilation strategy with weather-responsive air-conditioning setpoints",2023,"BUILDING AND ENVIRONMENT","AUTO-INCLUDE","IN-G3 Full criteria met",NA,1
"10.1016/j.energy.2023.126790","early design evaluation of low-rise school building morphology on energy performance: climatic contexts of southeast europe",2023,"ENERGY","AUTO-EXCLUDE","EX-G1.0 No ventilation signal",NA,0
"10.1016/j.buildenv.2024.112121","educational environments' energy demand optimization based on indoor co2 concentration and temperature: together better than separately",2024,"BUILDING AND ENVIRONMENT","AUTO-INCLUDE","IN-G3 Full criteria met",NA,1
"10.1080/14733315.2019.1600815","effect of heat loads and furniture on the thermal comfort of an isolated family house under a naturally ventilated environment",2020,"INTERNATIONAL JOURNAL OF VENTILATION","AUTO-EXCLUDE","EX-G0.2 CFD-only",NA,0
"10.1007/s12273-023-0992-6","effective improvement of a local thermal environment using multi-vent module-based adaptive ventilation",2023,"BUILDING SIMULATION","TO_REVIEW","REV-G1 Scope unclear",1,1
"10.1002/ep.13032","effectiveness enhancement and performance evaluation of indirect-direct evaporative cooling system for a wide variety of climates",2019,"ENVIRONMENTAL PROGRESS & SUSTAINABLE ENERGY","AUTO-EXCLUDE","EX-G0.1 HVAC-only",NA,0
"10.3390/buildings11120595","effects of climate change on thermal comfort and energy demand in a single-family house in poland",2021,"BUILDINGS","TO_REVIEW","REV-G1 Scope unclear",1,1
"10.23967/j.rimni.2025.10.56233","effects of fan installation on ventilation in indoor sports halls: a numerical simulation study",2025,"REVISTA INTERNACIONAL DE METODOS NUMERICOS PARA CALCULO Y DISENO EN INGENIERIA","AUTO-INCLUDE","IN-G3 Full criteria met",NA,1
"10.1016/j.applthermaleng.2022.119899","effects of operation parameters on the ventilation performance for a floor-standing air conditioner",2023,"APPLIED THERMAL ENGINEERING","AUTO-EXCLUDE","EX-G0.2 CFD-only",NA,0
"10.1080/17512549.2018.1488612","energy analysis of zero energy schools: the case study of child's asylum in greece",2019,"ADVANCES IN BUILDING ENERGY RESEARCH","TO_REVIEW","REV-G1 Scope unclear",0,0
"10.1016/j.energy.2024.130505","energy and comfort aware operation of multi-zone hvac system through preference-inspired deep reinforcement learning",2024,"ENERGY","AUTO-EXCLUDE","EX-G0.1 HVAC-only",NA,0
"10.3390/en13112740","energy and environmental analysis of single-family houses located in poland",2020,"ENERGIES","AUTO-INCLUDE","IN-G3 Full criteria met",NA,1
"10.1016/j.enbuild.2020.110694","energy and exergy analyze of different air distributions in a residential building",2021,"ENERGY AND BUILDINGS","AUTO-EXCLUDE","EX-G0.1 HVAC-only",NA,0
"10.1016/j.jobe.2023.106242","energy consumption of intermittent ventilation strategies of different air distribution modes for indoor pollutant removal",2023,"JOURNAL OF BUILDING ENGINEERING","AUTO-EXCLUDE","EX-G0.1 HVAC-only",NA,0
"10.3390/en13174363","energy consumption optimization and user comfort maximization in smart buildings using a hybrid of the firefly and genetic algorithms",2020,"ENERGIES","AUTO-EXCLUDE","EX-G0.1 HVAC-only",NA,0
"10.17268/sci.agropecu.2025.017","energy efficiency of heating machines and its effects on broiler's performance and welfare",2025,"SCIENTIA AGROPECUARIA","AUTO-EXCLUDE","EX-G1.0 No ventilation signal",NA,0
"10.1016/j.enbuild.2024.115076","energy implications of meeting indoor air quality and thermal comfort standards in mediterranean schools using natural and mechanical ventilation strategies",2025,"ENERGY AND BUILDINGS","AUTO-INCLUDE","IN-G3 Full criteria met",NA,1
"10.1016/j.esd.2023.04.017","energy modeling and predictive control of environmental quality for building energy management using machine learning",2023,"ENERGY FOR SUSTAINABLE DEVELOPMENT","AUTO-EXCLUDE","EX-G0.1 HVAC-only",NA,0
"10.1016/j.buildenv.2019.03.038","energy implications of meeting indoor air quality and thermal comfort standards in mediterranean schools using natural and mechanical ventilation strategies",2019,"BUILDING AND ENVIRONMENT","AUTO-EXCLUDE","EX-G0.1 HVAC-only",NA,0
"10.1007/s11771-015-2854-6","energy performance assessment on central air-conditioning system of commercial building: a case study in china",2015,"JOURNAL OF CENTRAL SOUTH UNIVERSITY","AUTO-EXCLUDE","EX-G0.1 HVAC-only",NA,0
"10.3390/buildings14082301","energy performance assessment on central air-conditioning system of commercial building: a case study in china",2024,"BUILDINGS","AUTO-EXCLUDE","EX-G0.1 HVAC-only",NA,0
"10.1016/j.indenv.2024.100058","energy retrofits: factors affecting a just transition to better indoor air quality",2024,"INDOOR ENVIRONMENTS","AUTO-EXCLUDE","EX-G0.1 HVAC-only",NA,0
"10.1016/j.enbuild.2024.114629","energy saving first or productivity first? - maximize the economic benefits of urban office buildings",2024,"ENERGY AND BUILDINGS","AUTO-EXCLUDE","EX-G0.1 HVAC-only",NA,0
"10.1016/j.enbuild.2024.114317","energy performance assessment on central air-conditioning system of commercial building: a case study in china",2024,"ENERGY AND BUILDINGS","AUTO-EXCLUDE","EX-G0.1 HVAC-only",NA,0
"10.1016/j.rser.2024.114682","energy, thermal comfort, and indoor air quality: multi-objective optimization review",2024,"RENEWABLE & SUSTAINABLE ENERGY REVIEWS","AUTO-EXCLUDE","EX-G1.0 No ventilation signal",NA,0
"10.1080/15567036.2021.1891158","energy and exergy analyze of different air distributions in a residential building",2025,"ENERGY SOURCES PART A-RECOVERY UTILIZATION AND ENVIRONMENTAL EFFECTS","TO_REVIEW","REV-G1 Scope unclear",0,0
"10.1016/j.apenergy.2017.03.076","energy consumption optimization and user comfort maximization in smart buildings using a hybrid of the firefly and genetic algorithms",2017,"APPLIED ENERGY","AUTO-EXCLUDE","EX-G0.1 HVAC-only",NA,0
"10.1016/j.jobe.2023.106745","energy and comfort aware operation of multi-zone hvac system through preference-inspired deep reinforcement learning",2023,"JOURNAL OF BUILDING ENGINEERING","AUTO-EXCLUDE","EX-G0.1 HVAC-only",NA,0
"10.1016/j.buildenv.2025.113109","enhanced temperature control performance in underground refuge chambers through optimization of air inlets layout",2025,"BUILDING AND ENVIRONMENT","AUTO-EXCLUDE","EX-G0.1 HVAC-only",NA,0
"10.1016/j.enbuild.2023.113771","enhancing energy efficiency and comfort with a multi-domain approach: development of a novel human thermoregulatory model for occupant-centric control",2024,"ENERGY AND BUILDINGS","AUTO-EXCLUDE","EX-G0.1 HVAC-only",NA,0
"10.1016/j.buildenv.2023.110235","enhancing energy efficiency and comfort with a multi-domain approach: development of a novel human thermoregulatory model for occupant-centric control",2023,"BUILDING AND ENVIRONMENT","TO_REVIEW","REV-G1 Scope unclear",0,0
"10.1186/s44147-023-00276-8","enhancing indoor air quality and thermal comfort in indoor swimming pool facilities: investigating the impact of ventilation system configurations",2023,"JOURNAL OF ENGINEERING AND APPLIED SCIENCE","AUTO-EXCLUDE","EX-G0.1 HVAC-only",NA,0
"10.1007/s10973-025-14882-6","enhanced temperature control performance in underground refuge chambers through optimization of air inlets layout",2025,"JOURNAL OF THERMAL ANALYSIS AND CALORIMETRY","AUTO-EXCLUDE","EX-G0.1 HVAC-only",NA,0
"10.3390/buildings14092785","enhanced temperature control performance in underground refuge chambers through optimization of air inlets layout",2024,"BUILDINGS","AUTO-INCLUDE","IN-G3 Full criteria met",NA,1
"10.1007/s12273-021-0863-y","environmental parameters assessment of a new diffuser for air cooling/heating system: measurements and numerical validation",2022,"BUILDING SIMULATION","AUTO-EXCLUDE","EX-G0.1 HVAC-only",NA,0
"10.1016/j.buildenv.2021.108170","esimple, a new pressure-velocity coupling algorithm for built-environment cfd simulations",2021,"BUILDING AND ENVIRONMENT","AUTO-EXCLUDE","EX-G1.0 No ventilation signal",NA,0
"10.1016/j.jobe.2022.104800","establishing multi-criteria optimization of return vent height for underfloor air distribution system",2022,"JOURNAL OF BUILDING ENGINEERING","TO_REVIEW","REV-G1 Scope unclear",0,0
"10.3390/atmos15050586","evaluation of air quality and thermal comfort in university dormitories in china",2024,"ATMOSPHERE","AUTO-INCLUDE","IN-G3 Full criteria met",NA,1
"10.1016/j.buildenv.2015.02.023","evaluation on classroom thermal comfort and energy performance of passive school building by optimizing hvac control systems",2015,"BUILDING AND ENVIRONMENT","AUTO-EXCLUDE","EX-G0.1 HVAC-only",NA,0
"10.1016/j.apenergy.2024.124683","event-driven model-based optimal demand-controlled ventilation for multizone vav systems: enhancing energy efficiency and indoor environmental quality",2025,"APPLIED ENERGY","AUTO-EXCLUDE","EX-G0.1 HVAC-only",NA,0
"10.1002/acs.3578","event-triggered distributed model predictive control scheme for temperature regulation in multi-zone air conditioning systems with improved indoor thermal preference indicator",2023,"INTERNATIONAL JOURNAL OF ADAPTIVE CONTROL AND SIGNAL PROCESSING","AUTO-EXCLUDE","EX-G0.1 HVAC-only",NA,0
"10.1080/23744731.2022.2108290","examination and optimization of classroom indoor environments in china's hot summer and cold winter regions",2022,"SCIENCE AND TECHNOLOGY FOR THE BUILT ENVIRONMENT","TO_REVIEW","REV-G1 Scope unclear",0,0
"10.1016/j.buildenv.2021.108476","examination of human interaction on indoor environmental quality variables: a case study of libraries at the university of alberta",2022,"BUILDING AND ENVIRONMENT","AUTO-EXCLUDE","EX-G0.1 HVAC-only",NA,0
"10.1016/j.egypro.2017.07.442","examining architectural air and temperature with novel sensing techniques",2017,"CISBAT 2017 INTERNATIONAL CONFERENCE FUTURE BUILDINGS & DISTRICTS -ENERGY EFFICIENCY FROM NANO TO URBAN SCALE","AUTO-EXCLUDE","EX-G1.0 No ventilation signal",NA,0
"10.3389/fbuil.2023.1258625","examining the efficacy of cooling pad technology to address increasing building cooling demand in latvia",2023,"FRONTIERS IN BUILT ENVIRONMENT","AUTO-EXCLUDE","EX-G0.1 HVAC-only",NA,0
"10.1016/j.renene.2019.05.115","experimental and numerical study of a pcm solar air heat exchanger and its ventilation preheating effectiveness",2020,"RENEWABLE ENERGY","TO_REVIEW","REV-G1 Scope unclear",0,0
"10.1016/j.buildenv.2023.110882","experimental investigation of dynamic wind tower augmented with solar heating unit for improved thermal comfort in buildings during cold conditions",2023,"BUILDING AND ENVIRONMENT","AUTO-EXCLUDE","EX-G0.1 HVAC-only",NA,0
"10.1016/j.buildenv.2025.112523","experimental research on energy utilization, aerosol transmission and thermal comfort under different ventilation strategies: densely-occupied classrooms as a case study",2025,"BUILDING AND ENVIRONMENT","TO_REVIEW","REV-G1 Scope unclear",0,0
"10.1016/j.enbuild.2023.112800","experimental and numerical study of a pcm solar air heat exchanger and its ventilation preheating effectiveness",2023,"ENERGY AND BUILDINGS","TO_REVIEW","REV-G1 Scope unclear",0,0
"10.1016/j.apenergy.2014.11.064","experimental study of occupancy-based control of hvac zones",2015,"APPLIED ENERGY","AUTO-EXCLUDE","EX-G0.1 HVAC-only",NA,0
"10.1049/iet-net.2015.0020","experimental testing of a random neural network smart controller using a single zone test chamber",2015,"IET NETWORKS","AUTO-EXCLUDE","EX-G0.1 HVAC-only",NA,0
"10.26437/ajar.v11i2.1080","exploration of green building technologies and their benefit to the building industry the perspective of architects",2025,"AFRICAN JOURNAL OF APPLIED RESEARCH","AUTO-INCLUDE","IN-G3 Full criteria met",NA,1
"10.3389/fbuil.2025.1606399","exploring hybrid ventilation in cold climates: energy efficiency, thermal comfort, and future climate adaptation in a nzeb case study in norway",2025,"FRONTIERS IN BUILT ENVIRONMENT","AUTO-INCLUDE","IN-G3 Full criteria met",NA,1
"10.3390/en10020231","exploring hybrid ventilation in cold climates: energy efficiency, thermal comfort, and future climate adaptation in a nzeb case study in norway",2017,"ENERGIES","AUTO-INCLUDE","IN-G3 Full criteria met",NA,1
"10.1038/s41598-025-01362-y","exploring hybrid ventilation in cold climates: energy efficiency, thermal comfort, and future climate adaptation in a nzeb case study in norway",2025,"SCIENTIFIC REPORTS","AUTO-INCLUDE","IN-G3 Full criteria met",NA,1
"10.1080/23744731.2024.2444822","exploring the influence of indoor temperature on thermal comfort and performance",2025,"SCIENCE AND TECHNOLOGY FOR THE BUILT ENVIRONMENT","AUTO-EXCLUDE","EX-G0.1 HVAC-only",NA,0
"10.1177/18479790241307464","exploring hybrid ventilation in cold climates: energy efficiency, thermal comfort, and future climate adaptation in a nzeb case study in norway",2024,"INTERNATIONAL JOURNAL OF ENGINEERING BUSINESS MANAGEMENT","AUTO-INCLUDE","IN-G3 Full criteria met",NA,1
"10.1007/s11367-024-02390-y","exploring hybrid ventilation in cold climates: energy efficiency, thermal comfort, and future climate adaptation in a nzeb case study in norway",2025,"INTERNATIONAL JOURNAL OF LIFE CYCLE ASSESSMENT","TO_REVIEW","REV-G2 No optimisation",0,0
"10.1016/j.enbuild.2021.111666","feasibility of mof-based carbon capture from indoor spaces as air revitalization system",2022,"ENERGY AND BUILDINGS","AUTO-EXCLUDE","EX-G1.0 No ventilation signal",NA,0
"10.3390/buildings13081971","from building information model to digital twin: a framework for building thermal comfort monitoring, visualizing, and assessment",2023,"BUILDINGS","AUTO-EXCLUDE","EX-G0.1 HVAC-only",NA,0
"10.1016/j.enbuild.2016.06.054","from simulation to monitoring: evaluating the potential of mixed-mode ventilation (mmv) systems for integrating natural ventilation in office buildings through a comprehensive literature review",2016,"ENERGY AND BUILDINGS","AUTO-INCLUDE","IN-G3 Full criteria met",NA,1
"10.1016/j.csite.2025.106544","fuzzy lqr-based control to ensure comfort in hvac system with two different zones",2025,"CASE STUDIES IN THERMAL ENGINEERING","AUTO-EXCLUDE","EX-G0.1 HVAC-only",NA,0
"10.1177/0144598720976196","guardrail-based air supply terminal for improving ventilation effectiveness and saving energy in the waiting zone",2021,"ENERGY EXPLORATION AND EXPLOITATION","AUTO-EXCLUDE","EX-G0.1 HVAC-only",NA,0
"10.1016/j.enconman.2024.118651","harmonizing comfort and energy: a multi-objective framework for central air conditioning systems",2024,"ENERGY CONVERSION AND MANAGEMENT","AUTO-EXCLUDE","EX-G0.1 HVAC-only",NA,0
"10.1016/j.enbuild.2025.115976","heating performance of stratum ventilation using swinging grille blades",2025,"ENERGY AND BUILDINGS","TO_REVIEW","REV-G1 Scope unclear",0,0
"10.1016/j.applthermaleng.2023.121309","hierarchical fault diagnosis and severity identification method of building air condition systems",2023,"APPLIED THERMAL ENGINEERING","AUTO-EXCLUDE","EX-G0.1 HVAC-only",NA,0
"10.1016/j.buildenv.2023.110942","holistic overview of natural ventilation and mixed mode in built environment of warm climate zones and hot seasons",2023,"BUILDING AND ENVIRONMENT","AUTO-INCLUDE","IN-G3 Full criteria met",NA,1
"10.3390/buildings14061627","hvac design optimization for pharmaceutical facilities with bim and cfd",2024,"BUILDINGS","AUTO-EXCLUDE","EX-G0.1 HVAC-only",NA,0
"10.3390/en18061526","hvac system energy retrofit for a university lecture room considering private and public interests",2025,"ENERGIES","AUTO-EXCLUDE","EX-G0.1 HVAC-only",NA,0
"10.1016/j.enbuild.2025.115528","hybrid grey box modelling of indoor air quality and thermal dynamics in indoor environments",2025,"ENERGY AND BUILDINGS","AUTO-EXCLUDE","EX-G0.1 HVAC-only",NA,0
"10.1016/j.solener.2025.113442","hybrid solar chimneys: enhancing thermal comfort and alleviating indoor air pollutants - a comprehensive review",2025,"SOLAR ENERGY","AUTO-INCLUDE","IN-G3 Full criteria met",NA,1
"10.3390/atmos11010110","hybrid grey box modelling of indoor air quality and thermal dynamics in indoor environments",2020,"ATMOSPHERE","AUTO-INCLUDE","IN-G3 Full criteria met",NA,1
"10.1016/j.egypro.2015.11.769","ieq assessment of classrooms with an optimized demand controlled ventilation system",2015,"6TH INTERNATIONAL BUILDING PHYSICS CONFERENCE (IBPC 2015)","AUTO-EXCLUDE","EX-G0.1 HVAC-only",NA,0
"10.1016/j.buildenv.2021.108662","impact of climate change on energy saving potentials of natural ventilation and ceiling fans in mixed-mode buildings",2022,"BUILDING AND ENVIRONMENT","AUTO-INCLUDE","IN-G3 Full criteria met",NA,1
"10.15282/ijame.22.4.2025.4.0981","impact of outlet vent configurations on indoor environmental quality, occupant comfort, and energy efficiency: an optimisation study",2025,"INTERNATIONAL JOURNAL OF AUTOMOTIVE AND MECHANICAL ENGINEERING","TO_REVIEW","REV-G1 Scope unclear",0,0
"10.3390/en13205332","impact of climate change on energy saving potentials of natural ventilation and ceiling fans in mixed-mode buildings",2020,"ENERGIES","AUTO-INCLUDE","IN-G3 Full criteria met",NA,1
"10.32604/fdmp.2024.050641","impact of the inlet flow angle and outlet placement on the indoor air quality",2024,"FDMP-FLUID DYNAMICS & MATERIALS PROCESSING","AUTO-EXCLUDE","EX-G1.0 No ventilation signal",NA,0
"10.1016/j.foar.2019.12.001","improved indoor environment through optimised ventilator and furniture positioning: a case of slum rehabilitation housing, mumbai, india",2020,"FRONTIERS OF ARCHITECTURAL RESEARCH","TO_REVIEW","REV-G3 Insufficient performance",0,0
"10.1016/j.apenergy.2021.117292","improvement of thermal comfort by hydraulic-driven ventilation device and space partition arrangement towards building energy saving",2021,"APPLIED ENERGY","AUTO-EXCLUDE","EX-G0.1 HVAC-only",NA,0
"10.1016/j.scitotenv.2025.179543","improving classroom air quality and ventilation with iot-driven acoustic and visual co2 feedback system",2025,"SCIENCE OF THE TOTAL ENVIRONMENT","AUTO-INCLUDE","IN-G3 Full criteria met",NA,1
"10.1016/j.enbuild.2023.113109","improving co2 concentration, co2 pollutant and occupants' thermal comfort in a residential building using genetic algorithm optimization",2023,"ENERGY AND BUILDINGS","AUTO-EXCLUDE","EX-G0.1 HVAC-only",NA,0
"10.1007/s12053-018-9742-5","improving energy use in schools: from ieq towards energy-efficient planning-method and in-field application to two case studies",2019,"ENERGY EFFICIENCY","AUTO-EXCLUDE","EX-G0.1 HVAC-only",NA,0
"10.1016/j.buildenv.2023.110272","improving hvac ductwork designs while considering fittings at an early stage",2023,"BUILDING AND ENVIRONMENT","AUTO-EXCLUDE","EX-G0.1 HVAC-only",NA,0
"10.1016/j.jobe.2022.105324","improving indoor air quality in primary school buildings through optimized apertures and classroom furniture layouts",2022,"JOURNAL OF BUILDING ENGINEERING","AUTO-INCLUDE","IN-G3 Full criteria met",NA,1
"10.3390/buildings8060075","improving classroom air quality and ventilation with iot-driven acoustic and visual co2 feedback system",2018,"BUILDINGS","AUTO-INCLUDE","IN-G3 Full criteria met",NA,1
"10.1016/j.enbuild.2018.08.007","improving the quality of building spaces that are planned mainly on loads rather than residents: human comfort and energy savings for warehouses",2018,"ENERGY AND BUILDINGS","AUTO-EXCLUDE","EX-G1.0 No ventilation signal",NA,0
"10.3389/fenrg.2021.755649","incipient chiller fault diagnosis using an optimized least squares support vector machine with gravitational search algorithm",2021,"FRONTIERS IN ENERGY RESEARCH","AUTO-EXCLUDE","EX-G0.1 HVAC-only",NA,0
"10.1016/j.enbuild.2015.07.055","increasing energy efficiency of displacement ventilation integrated with an evaporative-cooled ceiling for operation in hot humid climate",2015,"ENERGY AND BUILDINGS","TO_REVIEW","REV-G1 Scope unclear",0,0
"10.1115/1.4068475","indoor air quality analysis of a ventilated chamber separated by a porous matrix: lattice boltzmann simulations",2025,"ASME JOURNAL OF HEAT AND MASS TRANSFER","AUTO-EXCLUDE","EX-G0.1 HVAC-only",NA,0
"10.1016/j.enbuild.2017.01.017","indoor air quality and thermal comfort optimization in classrooms developing an automatic system for windows opening and closing",2017,"ENERGY AND BUILDINGS","AUTO-INCLUDE","IN-G3 Full criteria met",NA,1
"10.3390/en12244607","indoor air quality assessment: comparison of ventilation scenarios for retrofitting classrooms in a hot climate",2019,"ENERGIES","TO_REVIEW","REV-G1 Scope unclear",1,1
"10.32604/cmc.2022.020491","indoor air quality control using backpropagated neural networks",2022,"CMC-COMPUTERS MATERIALS & CONTINUA","AUTO-EXCLUDE","EX-G0.1 HVAC-only",NA,0
"10.17485/ijst/2016/v9i36/100984","indoor air quality control using backpropagated neural networks",2016,"INDIAN JOURNAL OF SCIENCE AND TECHNOLOGY","AUTO-EXCLUDE","EX-G0.2 CFD-only",NA,0
"10.1177/1744259118759687","indoor environment quality assessment in classrooms: an integrated approach",2018,"JOURNAL OF BUILDING PHYSICS","AUTO-EXCLUDE","EX-G1.0 No ventilation signal",NA,0
"10.1016/j.egypro.2017.12.582","indoor environmental quality (ieq) analysis of a low energy wind catcher with horizontally-arranged heat transfer",2017,"PROCEEDINGS OF THE 9TH INTERNATIONAL CONFERENCE ON APPLIED ENERGY","AUTO-EXCLUDE","EX-G0.2 CFD-only",NA,0
"10.1038/s41598-025-98602-y","indoor air quality assessment: comparison of ventilation scenarios for retrofitting classrooms in a hot climate",2025,"SCIENTIFIC REPORTS","AUTO-INCLUDE","IN-G3 Full criteria met",NA,1
"10.1016/j.jobe.2023.106314","indoor environmental quality improvement in green building: occupant perception and behavioral impact",2023,"JOURNAL OF BUILDING ENGINEERING","AUTO-EXCLUDE","EX-G1.0 No ventilation signal",NA,0
"10.1108/ijbpa-09-2021-0128","indoor environmental quality improvement in green building: occupant perception and behavioral impact",2023,"INTERNATIONAL JOURNAL OF BUILDING PATHOLOGY AND ADAPTATION","TO_REVIEW","REV-G1 Scope unclear",0,0
"10.1016/j.buildenv.2020.107216","indoor environmental quality improvement in green building: occupant perception and behavioral impact",2020,"BUILDING AND ENVIRONMENT","AUTO-EXCLUDE","EX-G0.1 HVAC-only",NA,0
"10.3390/su16219160","indoor environmental quality improvement in green building: occupant perception and behavioral impact",2024,"SUSTAINABILITY","AUTO-INCLUDE","IN-G3 Full criteria met",NA,1
"10.3390/en17081968","indoor air quality assessment: comparison of ventilation scenarios for retrofitting classrooms in a hot climate",2024,"ENERGIES","AUTO-EXCLUDE","EX-G0.1 HVAC-only",NA,0
"10.1016/j.apenergy.2017.09.032","indoor thermal comfort assessment using different constructive solutions incorporating pcm",2017,"APPLIED ENERGY","AUTO-INCLUDE","IN-G3 Full criteria met",NA,1
"10.2298/tsci220125067l","influence of the building energy efficiency on indoor air temperature",2022,"THERMAL SCIENCE","AUTO-EXCLUDE","EX-G0.2 CFD-only",NA,0
"10.1016/j.jweia.2019.104089","influence of train arrival characteristics on unorganized ventilation in underground subway station with platform screen doors",2020,"JOURNAL OF WIND ENGINEERING AND INDUSTRIAL AERODYNAMICS","AUTO-EXCLUDE","EX-G0.1 HVAC-only",NA,0
"10.1016/j.jclepro.2022.131083","integrated artificial neural network prediction model of indoor environmental quality in a school building",2022,"JOURNAL OF CLEANER PRODUCTION","AUTO-EXCLUDE","EX-G0.1 HVAC-only",NA,0
"10.1016/j.applthermaleng.2021.116654","integrated solar - windcatcher with dew-point indirect evaporative cooler for classrooms",2021,"APPLIED THERMAL ENGINEERING","TO_REVIEW","REV-G1 Scope unclear",1,1
"10.1016/j.apenergy.2018.07.063","integrated task performance score for the building occupants based on the co2 concentration and indoor climate factors changes",2018,"APPLIED ENERGY","AUTO-EXCLUDE","EX-G1.0 No ventilation signal",NA,0
"10.3390/buildings15132193","integrating occupant behavior into window design: a dynamic simulation study for enhancing natural ventilation in residential buildings",2025,"BUILDINGS","AUTO-INCLUDE","IN-G3 Full criteria met",NA,1
"10.1016/j.egypro.2016.11.021","integration of a do it yourself hardware in a lighting device for the management of thermal comfort and energy use",2016,"71ST CONFERENCE OF THE ITALIAN THERMAL MACHINES ENGINEERING ASSOCIATION (ATI 2016)","AUTO-EXCLUDE","EX-G0.1 HVAC-only",NA,0
"10.3390/buildings11120591","interaction between thermal comfort, indoor air quality and ventilation energy consumption of educational buildings: a comprehensive review",2021,"BUILDINGS","AUTO-INCLUDE","IN-G3 Full criteria met",NA,1
"10.3390/su131910607","interaction between thermal comfort, indoor air quality and ventilation energy consumption of educational buildings: a comprehensive review",2021,"SUSTAINABILITY","AUTO-EXCLUDE","EX-G0.1 HVAC-only",NA,0
"10.1016/j.autcon.2020.103225","integration of a do it yourself hardware in a lighting device for the management of thermal comfort and energy use",2020,"AUTOMATION IN CONSTRUCTION","AUTO-EXCLUDE","EX-G0.2 CFD-only",NA,0
"10.1016/j.buildenv.2022.109688","introducing extended natural ventilation index for buildings under the present and future changing climates",2022,"BUILDING AND ENVIRONMENT","TO_REVIEW","REV-G2 No optimisation",1,1
"10.3390/buildings15071129","investigation of the energy comsuption and indoor environment in rural residences in south china",2025,"BUILDINGS","TO_REVIEW","REV-G1 Scope unclear",0,0
"10.1007/s13762-023-05235-7","investigation on the pollutant concentration and optimal control strategy of pre-ventilation in office buildings",2024,"INTERNATIONAL JOURNAL OF ENVIRONMENTAL SCIENCE AND TECHNOLOGY","AUTO-EXCLUDE","EX-G0.1 HVAC-only",NA,0
"10.1016/j.buildenv.2018.07.022","investigation of the energy comsuption and indoor environment in rural residences in south china",2018,"BUILDING AND ENVIRONMENT","AUTO-INCLUDE","IN-G3 Full criteria met",NA,1
"10.1177/1420326x231155146","life cycle analysis methodology for heating, ventilation and air conditioning ductwork in healthcare buildings",2023,"INDOOR AND BUILT ENVIRONMENT","AUTO-EXCLUDE","EX-G0.1 HVAC-only",NA,0
"10.3390/buildings14061638","linking occupant behavior and window design through post-occupancy evaluation: enhancing natural ventilation and indoor air quality",2024,"BUILDINGS","AUTO-INCLUDE","IN-G3 Full criteria met",NA,1
"10.1016/j.seppur.2016.12.031","liquid desiccant lithium chloride regeneration by membrane distillation for air conditioning",2017,"SEPARATION AND PURIFICATION TECHNOLOGY","AUTO-EXCLUDE","EX-G0.1 HVAC-only",NA,0
"10.3390/buildings14040878","long-term analysis of energy consumption and thermal comfort in a passivhaus apartment in spain",2024,"BUILDINGS","AUTO-INCLUDE","IN-G3 Full criteria met",NA,1
"10.1016/j.buildenv.2024.112255","machine learning based multi-objective optimisation of energy consumption, thermal comfort and co2 concentration in energy-efficient naturally ventilated residential dwellings",2025,"BUILDING AND ENVIRONMENT","AUTO-INCLUDE","IN-G3 Full criteria met",NA,1
"10.1016/j.buildenv.2017.05.036","method for including the economic value of indoor climate as design criterion in optimisation of office building design",2017,"BUILDING AND ENVIRONMENT","AUTO-EXCLUDE","EX-G1.0 No ventilation signal",NA,0
"10.3390/buildings8050069","method to integrate radiant cooling with hybrid ventilation to improve energy efficiency and avoid condensation in hot, humid environments",2018,"BUILDINGS","AUTO-INCLUDE","IN-G3 Full criteria met",NA,1
"10.1016/j.enconman.2018.07.058","mitigating energy poverty: potential contributions of combining pv and building thermal mass storage in low-income households",2018,"ENERGY CONVERSION AND MANAGEMENT","AUTO-EXCLUDE","EX-G0.1 HVAC-only",NA,0
"10.1088/1742-6596/655/1/012027","mitigating the cooling need and improvement of indoor conditions in mediterranean educational buildings, by means of green roofs. results of a case study",2015,"33RD UIT (ITALIAN UNION OF THERMO-FLUID DYNAMICS) HEAT TRANSFER CONFERENCE","AUTO-EXCLUDE","EX-G1.0 No ventilation signal",NA,0
"10.3390/en16062746","mixed-mode ventilation based on adjustable air velocity for energy benefits in residential buildings",2023,"ENERGIES","AUTO-INCLUDE","IN-G3 Full criteria met",NA,1
"10.1016/j.enbuild.2017.08.090","mixing ventilation coupled with personalized sinusoidal ventilation: optimal frequency and flow rate for acceptable air quality",2017,"ENERGY AND BUILDINGS","AUTO-EXCLUDE","EX-G0.1 HVAC-only",NA,0
"10.1016/j.jobe.2022.105067","model predictive control of heating, ventilation, and air conditioning (hvac) systems: a state-of-the-art review",2022,"JOURNAL OF BUILDING ENGINEERING","AUTO-EXCLUDE","EX-G0.1 HVAC-only",NA,0
"10.1016/j.enconman.2018.10.046","model predictive control of indoor microclimate: existing building stock comfort improvement",2019,"ENERGY CONVERSION AND MANAGEMENT","AUTO-EXCLUDE","EX-G0.1 HVAC-only",NA,0
"10.1016/j.enbuild.2021.111793","model predictive control of heating, ventilation, and air conditioning (hvac) systems: a state-of-the-art review",2022,"ENERGY AND BUILDINGS","AUTO-EXCLUDE","EX-G0.1 HVAC-only",NA,0
"10.1016/j.energy.2016.03.139","model-based multi-objective optimal control of a vrf (variable refrigerant flow) combined system with doas (dedicated outdoor air system) using genetic algorithm under heating conditions",2016,"ENERGY","AUTO-EXCLUDE","EX-G0.1 HVAC-only",NA,0
"10.1109/access.2020.3024260","modeling and control of hybrid ventilation in a building with double skin facade",2020,"IEEE ACCESS","TO_REVIEW","REV-G3 Insufficient performance",0,0
"10.1016/j.applthermaleng.2025.128009","modeling and optimal hierarchical control of multi-zone vav systems for energy efficiency and occupant comfort",2025,"APPLIED THERMAL ENGINEERING","AUTO-EXCLUDE","EX-G0.1 HVAC-only",NA,0
"10.1016/j.egyr.2024.02.011","modeling and optimization of a passive building hvac system based on improved pso and h-j algorithm",2024,"ENERGY REPORTS","AUTO-EXCLUDE","EX-G0.1 HVAC-only",NA,0
"10.1016/j.enbuild.2024.114065","modelling building hvac control strategies using a deep reinforcement learning approach",2024,"ENERGY AND BUILDINGS","AUTO-EXCLUDE","EX-G0.1 HVAC-only",NA,0
"10.1080/19401493.2015.1070203","modelling building hvac control strategies using a deep reinforcement learning approach",2016,"JOURNAL OF BUILDING PERFORMANCE SIMULATION","AUTO-EXCLUDE","EX-G0.1 HVAC-only",NA,0
"10.1155/je/3804761","monitoring and optimizing indoor air quality in nearly zero energy educational buildings",2025,"JOURNAL OF ENGINEERING","AUTO-EXCLUDE","EX-G0.1 HVAC-only",NA,0
"10.1016/j.scitotenv.2024.178286","monitoring of indoor air quality at a large sailing cruise ship to assess ventilation performance and disease transmission risk",2025,"SCIENCE OF THE TOTAL ENVIRONMENT","TO_REVIEW","REV-G1 Scope unclear",0,0
"10.1016/j.enbuild.2025.116045","multi objectives reinforcement learning for smart buildings: a systematic review of algorithms, applications and future perspectives",2025,"ENERGY AND BUILDINGS","AUTO-EXCLUDE","EX-G1.0 No ventilation signal",NA,0
"10.1109/tsg.2020.3011739","multi-agent deep reinforcement learning for hvac control in commercial buildings",2021,"IEEE TRANSACTIONS ON SMART GRID","AUTO-EXCLUDE","EX-G0.1 HVAC-only",NA,0
"10.1016/j.apenergy.2019.01.248","multi-criteria performance optimization for operation of stratum ventilation under heating mode",2019,"APPLIED ENERGY","TO_REVIEW","REV-G1 Scope unclear",0,0
"10.1007/s10973-022-11932-1","multi-framework-based approach for optimizing dwelling conditions and energy efficiency in subtropical climatic conditions",2023,"JOURNAL OF THERMAL ANALYSIS AND CALORIMETRY","AUTO-EXCLUDE","EX-G1.0 No ventilation signal",NA,0
"10.3390/buildings15203784","multi-objective comparative analysis of various ventilation-radiant coupled heating systems",2025,"BUILDINGS","TO_REVIEW","REV-G1 Scope unclear",0,0
"10.1007/s00158-018-2080-6","multi-objective optimization case study with active and passive design in building engineering",2019,"STRUCTURAL AND MULTIDISCIPLINARY OPTIMIZATION","AUTO-EXCLUDE","EX-G0.1 HVAC-only",NA,0
"10.1016/j.buildenv.2019.03.021","multi-objective optimization for designing of high-speed train cabin ventilation system using particle swarm optimization and multi-fidelity kriging",2019,"BUILDING AND ENVIRONMENT","AUTO-EXCLUDE","EX-G0.1 HVAC-only",NA,0
"10.1016/j.energy.2016.07.021","multi-objective optimization for thermal mass model predictive control in small and medium size commercial buildings under summer weather conditions",2016,"ENERGY","AUTO-EXCLUDE","EX-G1.0 No ventilation signal",NA,0
"10.1016/j.ijthermalsci.2022.108124","multi-objective optimization for designing of high-speed train cabin ventilation system using particle swarm optimization and multi-fidelity kriging",2023,"INTERNATIONAL JOURNAL OF THERMAL SCIENCES","AUTO-EXCLUDE","EX-G0.1 HVAC-only",NA,0
"10.1016/j.buildenv.2020.107018","multi-objective optimization for designing of high-speed train cabin ventilation system using particle swarm optimization and multi-fidelity kriging",2020,"BUILDING AND ENVIRONMENT","AUTO-EXCLUDE","EX-G0.1 HVAC-only",NA,0
"10.1007/s12273-017-0352-5","multi-objective optimization case study with active and passive design in building engineering",2017,"BUILDING SIMULATION","AUTO-EXCLUDE","EX-G0.1 HVAC-only",NA,0
"10.1007/s12273-018-0450-z","multi-objective optimization case study with active and passive design in building engineering",2018,"BUILDING SIMULATION","TO_REVIEW","REV-G1 Scope unclear",0,0
"10.1016/j.energy.2015.02.024","multi-objective optimization case study with active and passive design in building engineering",2015,"ENERGY","AUTO-EXCLUDE","EX-G0.1 HVAC-only",NA,0
"10.1016/j.jobe.2020.101495","multi-objective optimization for designing of high-speed train cabin ventilation system using particle swarm optimization and multi-fidelity kriging",2020,"JOURNAL OF BUILDING ENGINEERING","AUTO-EXCLUDE","EX-G0.1 HVAC-only",NA,0
"10.1016/j.enbuild.2023.113385","multi-objective optimization for designing of high-speed train cabin ventilation system using particle swarm optimization and multi-fidelity kriging",2023,"ENERGY AND BUILDINGS","AUTO-EXCLUDE","EX-G0.1 HVAC-only",NA,0
"10.1016/j.enbuild.2022.112441","multi-objective optimization for thermal mass model predictive control in small and medium size commercial buildings under summer weather conditions",2022,"ENERGY AND BUILDINGS","AUTO-EXCLUDE","EX-G0.1 HVAC-only",NA,0
"10.1063/5.0212810","multi-objective optimization for designing of high-speed train cabin ventilation system using particle swarm optimization and multi-fidelity kriging",2024,"PHYSICS OF FLUIDS","AUTO-EXCLUDE","EX-G0.1 HVAC-only",NA,0
"10.1016/j.apenergy.2020.114966","multi-criteria performance optimization for operation of stratum ventilation under heating mode",2020,"APPLIED ENERGY","TO_REVIEW","REV-G1 Scope unclear",0,0
"10.1016/j.jclepro.2022.131264","multi-regional building energy efficiency intelligent regulation strategy based on multi-objective optimization and model predictive control",2022,"JOURNAL OF CLEANER PRODUCTION","AUTO-EXCLUDE","EX-G0.1 HVAC-only",NA,0
"10.1080/17512549.2019.1588167","multi-objective optimization for thermal mass model predictive control in small and medium size commercial buildings under summer weather conditions",2020,"ADVANCES IN BUILDING ENERGY RESEARCH","AUTO-EXCLUDE","EX-G0.1 HVAC-only",NA,0
"10.1016/j.proeng.2017.04.245","natural ventilation for passive cooling by means of optimized control logics",2017,"INTERNATIONAL HIGH-PERFORMANCE BUILT ENVIRONMENT CONFERENCE - A SUSTAINABLE BUILT ENVIRONMENT CONFERENCE 2016 SERIES (SBE16), IHBE 2016","AUTO-INCLUDE","IN-G3 Full criteria met",NA,1
"10.1016/j.apenergy.2022.119153","neural network-based model predictive control system for optimizing building automation and management systems of sports facilities",2022,"APPLIED ENERGY","AUTO-EXCLUDE","EX-G0.1 HVAC-only",NA,0
"10.1016/j.buildenv.2025.113746","new index and model of transient co2 diffusion for personal air quality and demand-controlled ventilation in heating and cooling systems",2025,"BUILDING AND ENVIRONMENT","TO_REVIEW","REV-G1 Scope unclear",0,0
"10.1016/j.enbuild.2024.115060","nonlinearity in thermal comfort-based control systems: a systematic review",2025,"ENERGY AND BUILDINGS","AUTO-EXCLUDE","EX-G0.1 HVAC-only",NA,0
"10.1016/j.apenergy.2021.116954","novel demand-controlled optimization of constant-air-volume mechanical ventilation for indoor air quality, durability and energy saving",2021,"APPLIED ENERGY","AUTO-INCLUDE","IN-G3 Full criteria met",NA,1
"10.1016/j.renene.2019.06.040","numerical and experimental investigation of the indoor air quality and thermal comfort performance of a low energy cooling windcatcher with heat pipes and extended surfaces",2020,"RENEWABLE ENERGY","TO_REVIEW","REV-G1 Scope unclear",0,0
"10.1016/j.jobe.2019.101139","numerical simulation for optimization of the indoor environment of an occupied office building using double-panel and ventilation radiator",2020,"JOURNAL OF BUILDING ENGINEERING","TO_REVIEW","REV-G1 Scope unclear",0,0
"10.1016/j.apenergy.2024.124818","numerical simulation investigation of heat exchangers for active chilled beams based on neural networks and a genetic algorithm",2025,"APPLIED ENERGY","AUTO-EXCLUDE","EX-G0.1 HVAC-only",NA,0
"10.1007/s40095-021-00412-1","numerical study and optimization of air-conditioning systems grilles used in indoor environments",2021,"INTERNATIONAL JOURNAL OF ENERGY AND ENVIRONMENTAL ENGINEERING","TO_REVIEW","REV-G1 Scope unclear",0,0
"10.1016/j.jobe.2022.105460","numerical study of the integrated heat transfer of a condensation-free radiant cooling panel covered with multiple interlayer infrared membranes",2023,"JOURNAL OF BUILDING ENGINEERING","AUTO-EXCLUDE","EX-G1.0 No ventilation signal",NA,0
"10.3390/en13051070","numerical study of the integrated heat transfer of a condensation-free radiant cooling panel covered with multiple interlayer infrared membranes",2020,"ENERGIES","AUTO-EXCLUDE","EX-G1.0 No ventilation signal",NA,0
"10.1155/2024/2456666","objective and subjective indoor air quality and thermal comfort indices: characterization of mediterranean climate archetypal schools after the covid-19 pandemic",2024,"INDOOR AIR","TO_REVIEW","REV-G1 Scope unclear",0,0
"10.1016/j.enbuild.2019.109473","occupancy-based zone-level vav system control implications on thermal comfort, ventilation, indoor air quality and building energy efficiency",2019,"ENERGY AND BUILDINGS","AUTO-EXCLUDE","EX-G0.1 HVAC-only",NA,0
"10.1016/j.buildenv.2025.113501","occupancy-based zone-level vav system control implications on thermal comfort, ventilation, indoor air quality and building energy efficiency",2025,"BUILDING AND ENVIRONMENT","AUTO-EXCLUDE","EX-G0.1 HVAC-only",NA,0
"10.1016/j.applthermaleng.2025.129032","occupancy-based zone-level vav system control implications on thermal comfort, ventilation, indoor air quality and building energy efficiency",2026,"APPLIED THERMAL ENGINEERING","AUTO-INCLUDE","IN-G3 Full criteria met",NA,1
"10.1016/j.enbuild.2025.115494","occupant-centric multicriteria optimization of hybrid personalized hvac system: impact of supply inlet layout and return air ratio",2025,"ENERGY AND BUILDINGS","AUTO-INCLUDE","IN-G3 Full criteria met",NA,1
"10.1016/j.apenergy.2025.125341","online learning-enhanced data-driven model predictive control for optimizing hvac energy consumption, indoor air quality and thermal comfort",2025,"APPLIED ENERGY","AUTO-EXCLUDE","EX-G0.1 HVAC-only",NA,0
"10.1177/1420326x20953458","open-plan office design for improved natural ventilation and reduced mixed mode supplementary loads",2022,"INDOOR AND BUILT ENVIRONMENT","AUTO-INCLUDE","IN-G3 Full criteria met",NA,1
"10.1016/j.egypro.2016.10.196","opening performance simulation in natural ventilation using design builder (case study: a residential home in rasht)",2016,"3RD INTERNATIONAL CONFERENCE ON POWER AND ENERGY SYSTEMS ENGINEERING, CPESE 2016","AUTO-INCLUDE","IN-G3 Full criteria met",NA,1
"10.1016/j.energy.2025.135824","optimal control of hvac systems through active disturbance rejection control-assisted reinforcement learning",2025,"ENERGY","AUTO-EXCLUDE","EX-G0.1 HVAC-only",NA,0
"10.1016/j.buildenv.2024.112295","optimal control strategy for a cutting-edge hybrid ventilation system in classrooms: comparative analysis based on air pollution levels across cities",2025,"BUILDING AND ENVIRONMENT","AUTO-INCLUDE","IN-G3 Full criteria met",NA,1
"10.1016/j.buildenv.2020.106810","optimal design of building environment with hybrid genetic algorithm, artificial neural network, multivariate regression analysis and fuzzy logic controller",2020,"BUILDING AND ENVIRONMENT","TO_REVIEW","REV-G1 Scope unclear",0,0
"10.1007/s13762-019-02403-6","optimal design of green buildings using computational fluid dynamics and climate simulation tools",2020,"INTERNATIONAL JOURNAL OF ENVIRONMENTAL SCIENCE AND TECHNOLOGY","AUTO-INCLUDE","IN-G3 Full criteria met",NA,1
"10.1016/j.applthermaleng.2025.127696","optimal fresh air distribution control strategy for multi-zone variable air volume air conditioning systems",2025,"APPLIED THERMAL ENGINEERING","AUTO-INCLUDE","IN-G3 Full criteria met",NA,1
"10.1080/17512549.2019.1626764","optimal design of building environment with hybrid genetic algorithm, artificial neural network, multivariate regression analysis and fuzzy logic controller",2020,"ADVANCES IN BUILDING ENERGY RESEARCH","AUTO-INCLUDE","IN-G3 Full criteria met",NA,1
"10.1007/s13204-021-02066-1","optimal technology innovation of teaching buildings for primary and middle schools based on compound negative pressure ventilation",2022,"APPLIED NANOSCIENCE","AUTO-INCLUDE","IN-G3 Full criteria met",NA,1
"10.1016/j.atmosenv.2024.120697","optimal ventilation strategies for balancing carbon dioxide and suspended particulate matter concentrations in vehicle cabins",2024,"ATMOSPHERIC ENVIRONMENT","TO_REVIEW","REV-G1 Scope unclear",0,0
"10.3390/atmos9030095","optimisation of heat loss through ventilation for residential buildings",2018,"ATMOSPHERE","TO_REVIEW","REV-G3 Insufficient performance",0,0
"10.3390/su16020766","optimising mechanical ventilation for indoor air quality and thermal comfort in a mediterranean school building",2024,"SUSTAINABILITY","AUTO-INCLUDE","IN-G3 Full criteria met",NA,1
"10.3390/buildings14123822","optimal ventilation strategies for balancing carbon dioxide and suspended particulate matter concentrations in vehicle cabins",2024,"BUILDINGS","AUTO-INCLUDE","IN-G3 Full criteria met",NA,1
"10.1016/j.buildenv.2023.110570","optimization and operation control for the combined impinging jet ventilation and chilled ceiling system with different cooling loads",2023,"BUILDING AND ENVIRONMENT","TO_REVIEW","REV-G1 Scope unclear",0,0
"10.1007/s12273-025-1231-0","optimal technology innovation of teaching buildings for primary and middle schools based on compound negative pressure ventilation",2025,"BUILDING SIMULATION","AUTO-EXCLUDE","EX-G0.1 HVAC-only",NA,0
"10.3390/en17071543","optimal technology innovation of teaching buildings for primary and middle schools based on compound negative pressure ventilation",2024,"ENERGIES","AUTO-EXCLUDE","EX-G0.1 HVAC-only",NA,0
"10.3390/buildings15122050","optimization design of indoor thermal environment and air quality in rural residential buildings in northern china",2025,"BUILDINGS","AUTO-EXCLUDE","EX-G0.1 HVAC-only",NA,0
"10.1016/j.enbuild.2015.05.023","optimization of an air-pcm heat exchanger and elaboration of peak power reduction strategies",2015,"ENERGY AND BUILDINGS","AUTO-EXCLUDE","EX-G0.1 HVAC-only",NA,0
"10.1016/j.jobe.2021.102167","optimization of configurative parameters of stratum ventilated heating for a sleeping environment",2021,"JOURNAL OF BUILDING ENGINEERING","TO_REVIEW","REV-G1 Scope unclear",0,0
"10.1016/j.buildenv.2022.109434","optimization of energy use and academic performance for educational environments in hot-humid climates",2022,"BUILDING AND ENVIRONMENT","TO_REVIEW","REV-G1 Scope unclear",0,0
"10.1016/j.jclepro.2022.132033","optimization of return vent height for stratified air distribution system with impinging jet supply satisfying threshold of |pmv| andlt; 0.5",2022,"JOURNAL OF CLEANER PRODUCTION","AUTO-EXCLUDE","EX-G0.1 HVAC-only",NA,0
"10.1016/j.csite.2021.100842","optimization of energy use and academic performance for educational environments in hot-humid climates",2021,"CASE STUDIES IN THERMAL ENGINEERING","AUTO-EXCLUDE","EX-G1.0 No ventilation signal",NA,0
"10.1038/s41598-025-89509-9","optimal technology innovation of teaching buildings for primary and middle schools based on compound negative pressure ventilation",2025,"SCIENTIFIC REPORTS","TO_REVIEW","REV-G1 Scope unclear",0,0
"10.1177/1420326x221108587","optimization of energy use and academic performance for educational environments in hot-humid climates",2023,"INDOOR AND BUILT ENVIRONMENT","TO_REVIEW","REV-G1 Scope unclear",0,0
"10.1016/j.buildenv.2018.10.009","optimization design of indoor thermal environment and air quality in rural residential buildings in northern china",2019,"BUILDING AND ENVIRONMENT","AUTO-EXCLUDE","EX-G0.1 HVAC-only",NA,0
"10.1016/j.enbuild.2017.03.054","optimization of an air-pcm heat exchanger and elaboration of peak power reduction strategies",2017,"ENERGY AND BUILDINGS","TO_REVIEW","REV-G1 Scope unclear",0,0
"10.3390/buildings15203718","optimization design of indoor thermal environment and air quality in rural residential buildings in northern china",2025,"BUILDINGS","AUTO-INCLUDE","IN-G3 Full criteria met",NA,1
"10.1016/j.buildenv.2022.109465","optimization design of indoor thermal environment and air quality in rural residential buildings in northern china",2022,"BUILDING AND ENVIRONMENT","TO_REVIEW","REV-G1 Scope unclear",0,0
"10.1016/j.buildenv.2020.106858","optimization design of indoor thermal environment and air quality in rural residential buildings in northern china",2020,"BUILDING AND ENVIRONMENT","TO_REVIEW","REV-G1 Scope unclear",0,0
"10.1016/j.enbuild.2023.113295","optimal technology innovation of teaching buildings for primary and middle schools based on compound negative pressure ventilation",2023,"ENERGY AND BUILDINGS","AUTO-EXCLUDE","EX-G0.1 HVAC-only",NA,0
"10.1016/j.enbuild.2016.06.052","optimising mechanical ventilation for indoor air quality and thermal comfort in a mediterranean school building",2016,"ENERGY AND BUILDINGS","AUTO-EXCLUDE","EX-G0.1 HVAC-only",NA,0
"10.1016/j.clet.2025.100980","optimizing airflow in double-skin facades: influence of vents design and cavity depth",2025,"CLEANER ENGINEERING AND TECHNOLOGY","AUTO-INCLUDE","IN-G3 Full criteria met",NA,1
"10.1108/ohi-04-2024-0150","optimal design of building environment with hybrid genetic algorithm, artificial neural network, multivariate regression analysis and fuzzy logic controller",2025,"OPEN HOUSE INTERNATIONAL-SUSTAINABLE & SMART ARCHITECTURE AND URBAN STUDIES","AUTO-EXCLUDE","EX-G0.1 HVAC-only",NA,0
"10.3390/buildings14103218","optimization of energy use and academic performance for educational environments in hot-humid climates",2024,"BUILDINGS","TO_REVIEW","REV-G1 Scope unclear",0,0
"10.1016/j.buildenv.2023.110676","optimization and operation control for the combined impinging jet ventilation and chilled ceiling system with different cooling loads",2023,"BUILDING AND ENVIRONMENT","AUTO-EXCLUDE","EX-G0.1 HVAC-only",NA,0
"10.1016/j.jobe.2024.111493","optimization of energy use and academic performance for educational environments in hot-humid climates",2024,"JOURNAL OF BUILDING ENGINEERING","AUTO-EXCLUDE","EX-G0.1 HVAC-only",NA,0
"10.25130/tjes.32.2.25","optimal control of hvac systems through active disturbance rejection control-assisted reinforcement learning",2025,"TIKRIT JOURNAL OF ENGINEERING SCIENCES","AUTO-EXCLUDE","EX-G0.1 HVAC-only",NA,0
"10.3389/fbuil.2019.00097","optimizing hybrid ventilation control strategies toward zero-cooling energy building",2019,"FRONTIERS IN BUILT ENVIRONMENT","AUTO-INCLUDE","IN-G3 Full criteria met",NA,1
"10.1016/j.buildenv.2025.113409","optimization and operation control for the combined impinging jet ventilation and chilled ceiling system with different cooling loads",2025,"BUILDING AND ENVIRONMENT","TO_REVIEW","REV-G1 Scope unclear",0,0
"10.1080/23744731.2016.1158072","optimization of energy use and academic performance for educational environments in hot-humid climates",2016,"SCIENCE AND TECHNOLOGY FOR THE BUILT ENVIRONMENT","AUTO-EXCLUDE","EX-G0.1 HVAC-only",NA,0
"10.1016/j.rineng.2024.103426","optimization of energy use and academic performance for educational environments in hot-humid climates",2024,"RESULTS IN ENGINEERING","TO_REVIEW","REV-G1 Scope unclear",0,0
"10.3390/buildings14041008","optimization of configurative parameters of stratum ventilated heating for a sleeping environment",2024,"BUILDINGS","AUTO-EXCLUDE","EX-G0.1 HVAC-only",NA,0
"10.1177/0143624417752645","optimal fresh air distribution control strategy for multi-zone variable air volume air conditioning systems",2018,"BUILDING SERVICES ENGINEERING RESEARCH & TECHNOLOGY","AUTO-EXCLUDE","EX-G0.1 HVAC-only",NA,0
"10.1016/j.buildenv.2024.112041","optimal fresh air distribution control strategy for multi-zone variable air volume air conditioning systems",2024,"BUILDING AND ENVIRONMENT","AUTO-EXCLUDE","EX-G0.1 HVAC-only",NA,0
"10.1016/j.autcon.2015.02.010","optimizing tradeoffs among housing sustainability objectives",2015,"AUTOMATION IN CONSTRUCTION","AUTO-EXCLUDE","EX-G0.1 HVAC-only",NA,0
"10.3390/app142311138","optimization of energy use and academic performance for educational environments in hot-humid climates",2024,"APPLIED SCIENCES-BASEL","AUTO-INCLUDE","IN-G3 Full criteria met",NA,1
"10.1016/j.buildenv.2019.106314","optimization design of indoor thermal environment and air quality in rural residential buildings in northern china",2019,"BUILDING AND ENVIRONMENT","TO_REVIEW","REV-G1 Scope unclear",0,0
"10.1016/j.jobe.2021.103598","passive action strategies in schools: a scientific mapping towards eco-efficiency in educational buildings",2022,"JOURNAL OF BUILDING ENGINEERING","AUTO-INCLUDE","IN-G3 Full criteria met",NA,1
"10.1016/j.asej.2025.103442","passive climate control innovations in hunan courtyard dwellings: enhancing indoor environmental and energy efficiency through integrated systems",2025,"AIN SHAMS ENGINEERING JOURNAL","AUTO-INCLUDE","IN-G3 Full criteria met",NA,1
"10.1080/09613218.2015.1004150","perceived control in indoor environments: a conceptual approach",2015,"BUILDING RESEARCH AND INFORMATION","AUTO-EXCLUDE","EX-G0.1 HVAC-only",NA,0
"10.1016/j.applthermaleng.2021.117243","performance analysis of room air conditioners via questionnaire and integrated field test",2021,"APPLIED THERMAL ENGINEERING","AUTO-EXCLUDE","EX-G1.0 No ventilation signal",NA,0
"10.1016/j.applthermaleng.2025.125572","performance analysis of room air conditioners via questionnaire and integrated field test",2025,"APPLIED THERMAL ENGINEERING","AUTO-INCLUDE","IN-G3 Full criteria met",NA,1
"10.1016/j.energy.2023.127186","performance characterization of an adaptive-controlled air handling unit to achieve thermal comfort in dubai climate",2023,"ENERGY","AUTO-EXCLUDE","EX-G0.1 HVAC-only",NA,0
"10.1016/j.enbuild.2020.110308","performance of advanced control sequences in handling uncertainty in energy use and indoor environmental quality using uncertainty and sensitivity analysis for control components",2020,"ENERGY AND BUILDINGS","AUTO-EXCLUDE","EX-G0.1 HVAC-only",NA,0
"10.1016/j.buildenv.2022.108882","performance characterization of an adaptive-controlled air handling unit to achieve thermal comfort in dubai climate",2022,"BUILDING AND ENVIRONMENT","AUTO-EXCLUDE","EX-G1.0 No ventilation signal",NA,0
"10.1016/j.enbuild.2018.03.059","performance optimization of a demand controlled ventilation system by long term monitoring",2018,"ENERGY AND BUILDINGS","AUTO-EXCLUDE","EX-G0.1 HVAC-only",NA,0
"10.1063/5.0260987","personalized air exhaust combined with mixing ventilation for environmental management and airborne droplets in a train cabin",2025,"PHYSICS OF FLUIDS","AUTO-EXCLUDE","EX-G0.1 HVAC-only",NA,0
"10.1016/j.apenergy.2018.02.049","personalized thermal comfort inference using rgb video images for distributed hvac control",2018,"APPLIED ENERGY","AUTO-EXCLUDE","EX-G0.1 HVAC-only",NA,0
"10.1016/j.enconman.2023.117290","personalized air exhaust combined with mixing ventilation for environmental management and airborne droplets in a train cabin",2023,"ENERGY CONVERSION AND MANAGEMENT","TO_REVIEW","REV-G1 Scope unclear",0,0
"10.1016/j.energy.2025.138009","phased optimization of classroom units for low-carbon sustainability and occupant health",2025,"ENERGY","AUTO-EXCLUDE","EX-G1.0 No ventilation signal",NA,0
"10.3390/land12071468","physical environment study on social housing stock in italian western alps for healthy and sustainable communities",2023,"LAND","TO_REVIEW","REV-G1 Scope unclear",0,0
"10.3390/buildings11100458","predicting indoor temperature distribution based on contribution ratio of indoor climate (cri) and mobile sensors",2021,"BUILDINGS","TO_REVIEW","REV-G1 Scope unclear",0,0
"10.1016/j.buildenv.2022.109576","prediction and optimization of thermal comfort, iaq and energy consumption of typical air-conditioned rooms based on a hybrid prediction model",2022,"BUILDING AND ENVIRONMENT","AUTO-EXCLUDE","EX-G0.1 HVAC-only",NA,0
"10.1016/j.buildenv.2021.108681","predictive modelling and optimization of hvac systems using neural network and particle swarm optimization algorithm",2022,"BUILDING AND ENVIRONMENT","AUTO-EXCLUDE","EX-G0.1 HVAC-only",NA,0
"10.1177/1420326x19887776","quantitative investigations on setting parameters of air conditioning (air-supply speed and temperature) in ventilated cooling rooms",2021,"INDOOR AND BUILT ENVIRONMENT","AUTO-EXCLUDE","EX-G0.1 HVAC-only",NA,0
"10.1016/j.buildenv.2023.110191","rapid monitoring of indoor air quality for efficient hvac systems using fully convolutional network deep learning model",2023,"BUILDING AND ENVIRONMENT","AUTO-EXCLUDE","EX-G0.1 HVAC-only",NA,0
"10.1007/978-3-319-47322-2_3","real-time hvac sensor monitoring and automatic fault detection system",2017,"SENSORS FOR EVERYDAY LIFE: ENVIRONMENTAL AND FOOD ENGINEERING","AUTO-EXCLUDE","EX-G0.1 HVAC-only",NA,0
"10.3390/su142013504","reducing the operating energy of buildings in arid climates through an adaptive approach",2022,"SUSTAINABILITY","AUTO-EXCLUDE","EX-G1.0 No ventilation signal",NA,0
"10.1016/j.enbuild.2017.12.054","renovation with an innovative compact heating and ventilation system integrated into the facade - an in-situ monitoring case study",2018,"ENERGY AND BUILDINGS","AUTO-EXCLUDE","EX-G0.1 HVAC-only",NA,0
"10.1080/17508975.2019.1567456","research on evaluation and optimization of sustainable indoor environment of public buildings in xi'an in summer",2020,"INTELLIGENT BUILDINGS INTERNATIONAL","AUTO-EXCLUDE","EX-G1.0 No ventilation signal",NA,0
"10.1155/2022/7412554","research on indoor environment art design model using genetic algorithm",2022,"MOBILE INFORMATION SYSTEMS","AUTO-EXCLUDE","EX-G0.1 HVAC-only",NA,0
"10.21837/pm.v20i21.1094","resillient living by optimizing the building façade in designing post-covid housing",2022,"PLANNING MALAYSIA","TO_REVIEW","REV-G1 Scope unclear",0,0
"10.1177/0958305x251385241","response surface model-based multi-objective optimization of box-behnken building design for indoor comfort and energy",2025,"ENERGY & ENVIRONMENT","TO_REVIEW","REV-G1 Scope unclear",0,0
"10.1007/s12053-021-10008-7","retrofit with passive house components",2022,"ENERGY EFFICIENCY","AUTO-EXCLUDE","EX-G0.1 HVAC-only",NA,0
"10.1016/j.buildenv.2024.111552","retrofitting solar air heaters in new zealand schools - a randomized crossover intervention study",2024,"BUILDING AND ENVIRONMENT","AUTO-INCLUDE","IN-G3 Full criteria met",NA,1
"10.1016/j.egypro.2017.09.395","reuse of an ancient church: thermal aspect for integrated solutions",2017,"CLIMAMED 2017 - MEDITERRANEAN CONFERENCE OF HVAC HISTORICAL BUILDINGS RETROFIT IN THE MEDITERRANEAN AREA","AUTO-EXCLUDE","EX-G0.1 HVAC-only",NA,0
"10.1016/j.scs.2021.103493","review of peak load management strategies in commercial buildings",2022,"SUSTAINABLE CITIES AND SOCIETY","AUTO-EXCLUDE","EX-G1.0 No ventilation signal",NA,0
"10.1016/j.enbuild.2020.110392","review on occupant-centric thermal comfort sensing, predicting, and controlling",2020,"ENERGY AND BUILDINGS","AUTO-EXCLUDE","EX-G1.0 No ventilation signal",NA,0
"10.1177/1420326x241241530","seasonal field study on thermal comfort in university classrooms in mediterranean climate",2024,"INDOOR AND BUILT ENVIRONMENT","AUTO-INCLUDE","IN-G3 Full criteria met",NA,1
"10.1016/j.buildenv.2019.01.027","set-up and evaluation of a virtual test bed for simulating and comparing single- and mixed-mode ventilation strategies",2019,"BUILDING AND ENVIRONMENT","AUTO-INCLUDE","IN-G3 Full criteria met",NA,1
"10.33889/ijmems.2020.5.6.098","simulation based energy control and comfort management in buildings using multi-objective optimization routine",2020,"INTERNATIONAL JOURNAL OF MATHEMATICAL ENGINEERING AND MANAGEMENT SCIENCES","AUTO-EXCLUDE","EX-G0.1 HVAC-only",NA,0
"10.1016/j.jobe.2021.103108","simulation of passive ventilation strategies towards indoor co2 concentration reduction for passive houses",2021,"JOURNAL OF BUILDING ENGINEERING","TO_REVIEW","REV-G2 No optimisation",1,1
"10.1016/j.egyr.2024.04.025","simultaneous thermal zoning and demand control ventilation",2024,"ENERGY REPORTS","AUTO-EXCLUDE","EX-G0.1 HVAC-only",NA,0
"10.1016/j.rser.2018.05.057","smart homes and the control of indoor air quality",2018,"RENEWABLE & SUSTAINABLE ENERGY REVIEWS","TO_REVIEW","REV-G1 Scope unclear",0,0
"10.1016/j.tsep.2024.102874","solar space thermal energy utilization and ai navigation based on light sensors in museum visual communication design",2024,"THERMAL SCIENCE AND ENGINEERING PROGRESS","AUTO-EXCLUDE","EX-G0.1 HVAC-only",NA,0
"10.1080/14733315.2024.2414663","statistical analysis of natural and mechanical ventilation performance in improving indoor air quality, thermal comfort, and perceived air quality in a healthcare facility",2025,"INTERNATIONAL JOURNAL OF VENTILATION","AUTO-INCLUDE","IN-G3 Full criteria met",NA,1
"10.3390/buildings15050816","strategies for driving the future of educational building design in terms of indoor thermal environments: a comprehensive review of methods and optimization",2025,"BUILDINGS","AUTO-EXCLUDE","EX-G1.0 No ventilation signal",NA,0
"10.1016/j.buildenv.2024.111689","students' thermal comfort and cognitive performance in fan-assisted naturally ventilated classrooms in tropical singapore",2024,"BUILDING AND ENVIRONMENT","AUTO-INCLUDE","IN-G3 Full criteria met",NA,1
"10.1016/j.jobe.2021.103675","studies of ventilation and thermal comfort in different wind tower-room configurations considering humidification for a warm climate of mexico",2022,"JOURNAL OF BUILDING ENGINEERING","AUTO-INCLUDE","IN-G3 Full criteria met",NA,1
"10.1016/j.buildenv.2020.107431","study of multi-objective optimization of overall ventilation performance for an impinging jet ventilation system using taguchi-based grey relational analysis",2021,"BUILDING AND ENVIRONMENT","AUTO-EXCLUDE","EX-G0.1 HVAC-only",NA,0
"10.3390/su14148243","study of natural ventilation and solar control strategies to improve energy efficiency and environmental quality in glazed heated swimming pools in a dry mediterranean climate",2022,"SUSTAINABILITY","AUTO-INCLUDE","IN-G3 Full criteria met",NA,1
"10.3390/su12208687","study of natural ventilation and solar control strategies to improve energy efficiency and environmental quality in glazed heated swimming pools in a dry mediterranean climate",2020,"SUSTAINABILITY","AUTO-INCLUDE","IN-G3 Full criteria met",NA,1
"10.1016/j.apenergy.2021.118135","study on the impact of parallel jet spacing on the performance of multi-jet stratum ventilation",2022,"APPLIED ENERGY","AUTO-EXCLUDE","EX-G0.1 HVAC-only",NA,0
"10.1177/1420326x221105628","students' thermal comfort and cognitive performance in fan-assisted naturally ventilated classrooms in tropical singapore",2022,"INDOOR AND BUILT ENVIRONMENT","AUTO-INCLUDE","IN-G3 Full criteria met",NA,1
"10.1016/j.enbuild.2018.05.029","subjective outdoor thermal comfort and urban green space usage in humid-subtropical hong kong",2018,"ENERGY AND BUILDINGS","AUTO-EXCLUDE","EX-G1.0 No ventilation signal",NA,0
"10.3390/buildings15081313","sustainable hybrid cooling: integrating indirect evaporative and split air conditioning for improved indoor air quality in tropical climates",2025,"BUILDINGS","AUTO-EXCLUDE","EX-G0.1 HVAC-only",NA,0
"10.1016/j.jclepro.2021.130147","sustainable laboratory evaluations: optimized fume-hood- intensive ventilation and energy efficiency without compromising occupational safety and comfort",2022,"JOURNAL OF CLEANER PRODUCTION","TO_REVIEW","REV-G1 Scope unclear",0,0
"10.1016/j.scs.2022.104383","sustainable underground environment integrating hybrid ventilation, photovoltaic thermal and ground source heat pump",2023,"SUSTAINABLE CITIES AND SOCIETY","TO_REVIEW","REV-G2 No optimisation",0,0
"10.1016/j.buildenv.2025.113227","ten questions concerning the economics of indoor environmental quality in buildings",2025,"BUILDING AND ENVIRONMENT","AUTO-EXCLUDE","EX-G1.0 No ventilation signal",NA,0
"10.3390/en14010034","the applicability of coanda effect hysteresis for designing unsteady ventilation systems",2021,"ENERGIES","AUTO-EXCLUDE","EX-G0.1 HVAC-only",NA,0
"10.1007/s12273-022-0914-z","the impacts of evaluation indices and normalization methods on e-topsis optimization of return vent height for an impinging jet ventilation system",2022,"BUILDING SIMULATION","AUTO-EXCLUDE","EX-G0.1 HVAC-only",NA,0
"10.1115/1.4068088","the optimal design of the air distribution system for a library located in the subtropical area",2025,"JOURNAL OF THERMAL SCIENCE AND ENGINEERING APPLICATIONS","AUTO-EXCLUDE","EX-G0.1 HVAC-only",NA,0
"10.1016/j.tust.2019.103065","the impacts of evaluation indices and normalization methods on e-topsis optimization of return vent height for an impinging jet ventilation system",2019,"TUNNELLING AND UNDERGROUND SPACE TECHNOLOGY","AUTO-INCLUDE","IN-G3 Full criteria met",NA,1
"10.1016/j.buildenv.2025.113455","thermal comfort assessment in offices employing the fiala model with impinging jet ventilation parameter optimization",2025,"BUILDING AND ENVIRONMENT","TO_REVIEW","REV-G1 Scope unclear",0,0
"10.3390/pr9020385","thermal control processes by deterministic and network-based models for energy use and control accuracy in a building space",2021,"PROCESSES","AUTO-EXCLUDE","EX-G1.0 No ventilation signal",NA,0
"10.3390/buildings14051355","thermal environment analysis and optimization for large space buildings with radiant cooling floors: a case study of xianyang international airport",2024,"BUILDINGS","AUTO-EXCLUDE","EX-G0.1 HVAC-only",NA,0
"10.3390/buildings14123957","thermal performance, indoor air quality, and carbon footprint assessment in airport terminal buildings",2024,"BUILDINGS","AUTO-EXCLUDE","EX-G0.1 HVAC-only",NA,0
"10.1016/j.jobe.2025.112444","three-objective optimization of the hvac system control strategy in an educational building to reduce energy consumption and enhance indoor environmental quality (ieq) using machine learning techniques",2025,"JOURNAL OF BUILDING ENGINEERING","AUTO-EXCLUDE","EX-G0.1 HVAC-only",NA,0
"10.1016/j.buildenv.2024.111837","toward occupant-centric system: multicriteria optimization of hybrid displacement-personalized ventilation system using computational fluid dynamics with computer-simulated person",2024,"BUILDING AND ENVIRONMENT","AUTO-EXCLUDE","EX-G0.1 HVAC-only",NA,0
"10.1016/j.apenergy.2021.117335","towards healthy and cost-effective indoor environment management in smart homes: a deep reinforcement learning approach",2021,"APPLIED ENERGY","AUTO-EXCLUDE","EX-G0.1 HVAC-only",NA,0
"10.3390/buildings13061409","towards the renovation of energy-intensive building: the impact of lighting and free-cooling retrofitting strategies in a shopping mall",2023,"BUILDINGS","AUTO-EXCLUDE","EX-G0.1 HVAC-only",NA,0
"10.1080/23744731.2019.1693206","tradeoffs between energy use and ventilation rates in us retail stores",2020,"SCIENCE AND TECHNOLOGY FOR THE BUILT ENVIRONMENT","TO_REVIEW","REV-G1 Scope unclear",0,0
"10.3390/en12050895","transformation of an office building into a nearly zero energy building (nzeb): implications for thermal and visual comfort and energy performance",2019,"ENERGIES","AUTO-EXCLUDE","EX-G0.1 HVAC-only",NA,0
"10.1016/j.jclepro.2024.142094","transient simulation and experimental analysis for the response of dual-cycle air-carrying energy radiant diffuse terminal",2024,"JOURNAL OF CLEANER PRODUCTION","TO_REVIEW","REV-G1 Scope unclear",0,0
"10.1016/j.engappai.2023.107652","uncertainty modelling in the selection of climate control system manufacturers for preconstruction of hydroelectric power plants",2024,"ENGINEERING APPLICATIONS OF ARTIFICIAL INTELLIGENCE","AUTO-EXCLUDE","EX-G0.1 HVAC-only",NA,0
"10.1016/j.buildenv.2022.109940","understanding the role of moisture recovery in indoor humidity: an analytical study for a norwegian single-family house during heating season",2023,"BUILDING AND ENVIRONMENT","TO_REVIEW","REV-G1 Scope unclear",0,0
"10.3390/buildings15213979","user-centered perspectives in prefabricated timber buildings: a scoping review",2025,"BUILDINGS","TO_REVIEW","REV-G1 Scope unclear",0,0
"10.1016/j.jobe.2023.107139","using the evolutionary mating algorithm for optimizing the user comfort and energy consumption in smart building",2023,"JOURNAL OF BUILDING ENGINEERING","TO_REVIEW","REV-G1 Scope unclear",0,0
"10.3390/buildings14092692","using the taguchi method and grey relational analysis to optimize ventilation systems for rural outdoor toilets in the post-pandemic era",2024,"BUILDINGS","AUTO-EXCLUDE","EX-G0.1 HVAC-only",NA,0
"10.1016/j.apenergy.2024.123477","ventilation and temperature control for energy-efficient and healthy buildings: a differentiable pde approach",2024,"APPLIED ENERGY","AUTO-EXCLUDE","EX-G0.1 HVAC-only",NA,0
"10.1016/j.buildenv.2024.111327","ventilation benefit assessment of space organization design for 'l' type inner corridor buildings",2024,"BUILDING AND ENVIRONMENT","TO_REVIEW","REV-G3 Insufficient performance",0,0
"10.1063/5.0210416","ventilation and temperature control for energy-efficient and healthy buildings: a differentiable pde approach",2024,"PHYSICS OF FLUIDS","AUTO-EXCLUDE","EX-G0.1 HVAC-only",NA,0
"10.3390/en18112785","ventilation and temperature control for energy-efficient and healthy buildings: a differentiable pde approach",2025,"ENERGIES","AUTO-EXCLUDE","EX-G0.1 HVAC-only",NA,0
"10.3390/app15105449","ventilation benefit assessment of space organization design for 'l' type inner corridor buildings",2025,"APPLIED SCIENCES-BASEL","AUTO-INCLUDE","IN-G3 Full criteria met",NA,1
"10.1016/j.jobe.2021.103703","verifying of the feasibility and energy efficiency of the largest certified passive house office building in china: a three-year performance monitoring study",2022,"JOURNAL OF BUILDING ENGINEERING","AUTO-EXCLUDE","EX-G0.1 HVAC-only",NA,0
"10.1108/ecam-01-2020-0075","window geometry impact on a room's wind comfort",2021,"ENGINEERING CONSTRUCTION AND ARCHITECTURAL MANAGEMENT","AUTO-INCLUDE","IN-G3 Full criteria met",NA,1
"10.1016/j.enbuild.2015.06.042","wireless sensor network based monitoring system for a large-scale indoor space: data process and supply air allocation optimization",2015,"ENERGY AND BUILDINGS","AUTO-EXCLUDE","EX-G0.1 HVAC-only",NA,0
