"cluster","term","mean_tfidf"
1,"2.5",0.198847827350847
1,"classroom",0.0823125942778408
1,"ratio",0.0676876885303009
1,"concentration",0.0444945819545335
1,"affected",0.044188406077966
1,"arrangements",0.044188406077966
1,"corresponded",0.044188406077966
1,"shaped",0.044188406077966
1,"concentrations",0.0404189066999646
1,"0.25",0.0372569342723665
1,"apertures",0.0372569342723665
2,"personalized",0.163660763251726
2,"infection",0.133231375109445
2,"autonomy",0.124224434757334
2,"alarm",0.113303605328118
2,"sleep",0.109107175501151
2,"sleeping",0.109107175501151
2,"income",0.107776600190161
2,"mav",0.100886771867502
2,"soft",0.0997953596581246
2,"humidification",0.0924443641798452
