"UT","DI","TI","PY","SO","cluster"
"WOS:001427629300001","10.1016/j.buildenv.2025.112681","a coupled computational fluid dynamics and back-propagation neural network-based particle swarm optimizer algorithm for predicting and optimizing indoor air quality",2025,"BUILDING AND ENVIRONMENT",2
"WOS:000683554400013","10.1016/j.renene.2021.05.155","a deep learning approach towards the detection and recognition of opening of windows for effective management of building ventilation heat losses and reducing space heating demand",2021,"RENEWABLE ENERGY",2
"WOS:000827064700001","10.1080/15435075.2022.2100706","a framework for rapid diagnosis of natural ventilation effect during early design stage using thermal autonomy",2023,"INTERNATIONAL JOURNAL OF GREEN ENERGY",2
"WOS:000461457500019","10.1016/j.buildenv.2019.02.027","a holistic framework to utilize natural ventilation to optimize energy performance of residential high-rise buildings",2019,"BUILDING AND ENVIRONMENT",2
"WOS:000386410500025","10.1016/j.energy.2016.07.058","a holistic passive design approach to optimize indoor environmental quality of a typical residential building in hong kong",2016,"ENERGY",2
"WOS:001276530200001","10.3390/buildings14072111","a method to optimize dormitory environments based on personnel behavior regulation",2024,"BUILDINGS",2
"2-S2.0-85062725971","10.1016/j.energy.2019.02.035","a multi-objective optimization model for determining the building design and occupant behaviors based on energy, economic, and environmental performance",2019,"ENERGY",2
"WOS:000688157800001","10.1016/j.solener.2021.07.008","a novel methodological framework for the optimisation of post-war social housing developments in the south-eastern mediterranean climate: policy design and life-cycle cost impact analysis of retrofitting strategies",2021,"SOLAR ENERGY",2
"WOS:001529008300003","10.1016/j.buildenv.2025.113307","a novel wall windcatcher (wwc) natural ventilation system evaluated through cfd and experimental field testing-a solution to single-sided ventilation in multi-story buildings?",2025,"BUILDING AND ENVIRONMENT",2
"WOS:000357238100015","10.1016/j.enbuild.2015.04.033","a review of reinforcement learning applications to control of heating, ventilation and air conditioning systems",2015,"ENERGY AND BUILDINGS",2
"WOS:001516148900001","10.3390/buildings15121992","a simulation-based study of classroom iaq and thermal comfort performance across new zealand's six climate zones: the avalon typology",2025,"BUILDINGS",2
"WOS:000458942800092","10.1016/j.apenergy.2018.11.016","achieving natural ventilation potential in practice: control schemes and levels of automation",2019,"APPLIED ENERGY",2
"2-S2.0-85162095174","10.1016/j.buildenv.2023.110519","adaptive model predictive control with ensembled multi-time scale deep-learning models for smart control of natural ventilation",2023,"BUILDING AND ENVIRONMENT",2
"WOS:001453824400001","10.3390/su17062432","an energy-efficient approach for thermal comfort and sleep quality in subtropical bedrooms",2025,"SUSTAINABILITY",2
"WOS:000387975200117","10.1016/j.egypro.2016.06.065","an exhaustive parametric study on major passive design strategies of a typical high-rise residential building in hong kong",2016,"CUE 2015 - APPLIED ENERGY SYMPOSIUM AND SUMMIT 2015: LOW CARBON CITIES AND URBAN ENERGY SYSTEMS",2
"WOS:000658665300009","10.1016/j.renene.2021.05.004","an experimental investigation on the passive ventilation and cooling performance of an integrated solar chimney and earth-air heat exchanger",2021,"RENEWABLE ENERGY",2
"WOS:000944166600001","10.1016/j.enbuild.2023.112899","an occupant-centric control strategy for indoor thermal comfort, air quality and energy management",2023,"ENERGY AND BUILDINGS",2
"WOS:001377892400001","10.3390/en17236097","application of an architect-friendly digital design approach to the wind environment of campus dormitory buildings",2024,"ENERGIES",2
"WOS:000914591400001","10.3390/en16020592","controlling and limiting infection risk, thermal discomfort, and low indoor air quality in a classroom through natural ventilation controlled by smart windows",2023,"ENERGIES",2
"WOS:001431959500001","10.1016/j.applthermaleng.2025.126019","coupled heat and mass transfer analysis for indoor air quality and thermal comfort in naturally ventilated offices",2025,"APPLIED THERMAL ENGINEERING",2
"WOS:001139669400001","10.1177/17442591231219025","data-driven prediction of indoor airflow distribution in naturally ventilated residential buildings using combined cfd simulation and machine learning (ml) approach",2024,"JOURNAL OF BUILDING PHYSICS",2
"WOS:001395118300001","10.3390/su17010058","data-driven prediction of indoor airflow distribution in naturally ventilated residential buildings using combined cfd simulation and machine learning (ml) approach",2025,"SUSTAINABILITY",2
"WOS:000887274900001","10.3390/en15228456","design and development of a nearable wireless system to control indoor air quality and indoor lighting quality",2022,"ENERGIES",2
"WOS:000562688400015","10.1016/j.buildenv.2020.106994","dynamic metrics of natural ventilation cooling effectiveness for interactive modeling",2020,"BUILDING AND ENVIRONMENT",2
"WOS:001114898300001","10.1016/j.buildenv.2023.110966","dynamic rule-based change-over ventilation strategy with weather-responsive air-conditioning setpoints",2023,"BUILDING AND ENVIRONMENT",2
"WOS:001328552300001","10.1016/j.buildenv.2024.112121","educational environments' energy demand optimization based on indoor co2 concentration and temperature: together better than separately",2024,"BUILDING AND ENVIRONMENT",2
"WOS:000956729200002","10.1007/s12273-023-0992-6","effective improvement of a local thermal environment using multi-vent module-based adaptive ventilation",2023,"BUILDING SIMULATION",2
"WOS:000735607900001","10.3390/buildings11120595","effects of climate change on thermal comfort and energy demand in a single-family house in poland",2021,"BUILDINGS",2
"WOS:000545401100067","10.3390/en13112740","energy and environmental analysis of single-family houses located in poland",2020,"ENERGIES",2
"WOS:001371289400001","10.1016/j.enbuild.2024.115076","energy implications of meeting indoor air quality and thermal comfort standards in mediterranean schools using natural and mechanical ventilation strategies",2025,"ENERGY AND BUILDINGS",2
"WOS:001233132900001","10.3390/atmos15050586","evaluation of air quality and thermal comfort in university dormitories in china",2024,"ATMOSPHERE",2
"WOS:001537035200001","10.3389/fbuil.2025.1606399","exploring hybrid ventilation in cold climates: energy efficiency, thermal comfort, and future climate adaptation in a nzeb case study in norway",2025,"FRONTIERS IN BUILT ENVIRONMENT",2
"WOS:000395469200085","10.3390/en10020231","exploring hybrid ventilation in cold climates: energy efficiency, thermal comfort, and future climate adaptation in a nzeb case study in norway",2017,"ENERGIES",2
"WOS:001503071800022","10.1038/s41598-025-01362-y","exploring hybrid ventilation in cold climates: energy efficiency, thermal comfort, and future climate adaptation in a nzeb case study in norway",2025,"SCIENTIFIC REPORTS",2
"WOS:001374007700001","10.1177/18479790241307464","exploring hybrid ventilation in cold climates: energy efficiency, thermal comfort, and future climate adaptation in a nzeb case study in norway",2024,"INTERNATIONAL JOURNAL OF ENGINEERING BUSINESS MANAGEMENT",2
"WOS:000381529400088","10.1016/j.enbuild.2016.06.054","from simulation to monitoring: evaluating the potential of mixed-mode ventilation (mmv) systems for integrating natural ventilation in office buildings through a comprehensive literature review",2016,"ENERGY AND BUILDINGS",2
"WOS:001473059300001","10.1016/j.solener.2025.113442","hybrid solar chimneys: enhancing thermal comfort and alleviating indoor air pollutants - a comprehensive review",2025,"SOLAR ENERGY",2
"WOS:000516826200110","10.3390/atmos11010110","hybrid grey box modelling of indoor air quality and thermal dynamics in indoor environments",2020,"ATMOSPHERE",2
"WOS:000779934100001","10.1016/j.buildenv.2021.108662","impact of climate change on energy saving potentials of natural ventilation and ceiling fans in mixed-mode buildings",2022,"BUILDING AND ENVIRONMENT",2
"WOS:000586184300001","10.3390/en13205332","impact of climate change on energy saving potentials of natural ventilation and ceiling fans in mixed-mode buildings",2020,"ENERGIES",2
"2-S2.0-105004019184","10.1016/j.scitotenv.2025.179543","improving classroom air quality and ventilation with iot-driven acoustic and visual co2 feedback system",2025,"SCIENCE OF THE TOTAL ENVIRONMENT",2
"WOS:000876685500001","10.1016/j.jobe.2022.105324","improving indoor air quality in primary school buildings through optimized apertures and classroom furniture layouts",2022,"JOURNAL OF BUILDING ENGINEERING",1
"WOS:000436128300003","10.3390/buildings8060075","improving classroom air quality and ventilation with iot-driven acoustic and visual co2 feedback system",2018,"BUILDINGS",2
"WOS:000395599200064","10.1016/j.enbuild.2017.01.017","indoor air quality and thermal comfort optimization in classrooms developing an automatic system for windows opening and closing",2017,"ENERGY AND BUILDINGS",2
"WOS:000506918400003","10.3390/en12244607","indoor air quality assessment: comparison of ventilation scenarios for retrofitting classrooms in a hot climate",2019,"ENERGIES",2
"WOS:001485688100007","10.1038/s41598-025-98602-y","indoor air quality assessment: comparison of ventilation scenarios for retrofitting classrooms in a hot climate",2025,"SCIENTIFIC REPORTS",2
"WOS:001352112400001","10.3390/su16219160","indoor environmental quality improvement in green building: occupant perception and behavioral impact",2024,"SUSTAINABILITY",2
"WOS:000635628000056","10.1016/j.applthermaleng.2021.116654","integrated solar - windcatcher with dew-point indirect evaporative cooler for classrooms",2021,"APPLIED THERMAL ENGINEERING",2
"WOS:001526451200001","10.3390/buildings15132193","integrating occupant behavior into window design: a dynamic simulation study for enhancing natural ventilation in residential buildings",2025,"BUILDINGS",2
"WOS:000736171100001","10.3390/buildings11120591","interaction between thermal comfort, indoor air quality and ventilation energy consumption of educational buildings: a comprehensive review",2021,"BUILDINGS",2
"WOS:000878643200002","10.1016/j.buildenv.2022.109688","introducing extended natural ventilation index for buildings under the present and future changing climates",2022,"BUILDING AND ENVIRONMENT",2
"WOS:000445987100044","10.1016/j.buildenv.2018.07.022","investigation of the energy comsuption and indoor environment in rural residences in south china",2018,"BUILDING AND ENVIRONMENT",2
"WOS:001254432000001","10.3390/buildings14061638","linking occupant behavior and window design through post-occupancy evaluation: enhancing natural ventilation and indoor air quality",2024,"BUILDINGS",2
"WOS:001364009200001","10.1016/j.buildenv.2024.112255","machine learning based multi-objective optimisation of energy consumption, thermal comfort and co2 concentration in energy-efficient naturally ventilated residential dwellings",2025,"BUILDING AND ENVIRONMENT",2
"WOS:000435191100007","10.3390/buildings8050069","method to integrate radiant cooling with hybrid ventilation to improve energy efficiency and avoid condensation in hot, humid environments",2018,"BUILDINGS",2
"WOS:000956036600001","10.3390/en16062746","mixed-mode ventilation based on adjustable air velocity for energy benefits in residential buildings",2023,"ENERGIES",2
"WOS:000404873600087","10.1016/j.proeng.2017.04.245","natural ventilation for passive cooling by means of optimized control logics",2017,"INTERNATIONAL HIGH-PERFORMANCE BUILT ENVIRONMENT CONFERENCE - A SUSTAINABLE BUILT ENVIRONMENT CONFERENCE 2016 SERIES (SBE16), IHBE 2016",2
"2-S2.0-105022698168","10.1016/j.applthermaleng.2025.129032","occupancy-based zone-level vav system control implications on thermal comfort, ventilation, indoor air quality and building energy efficiency",2026,"APPLIED THERMAL ENGINEERING",2
"WOS:001430981700001","10.1016/j.enbuild.2025.115494","occupant-centric multicriteria optimization of hybrid personalized hvac system: impact of supply inlet layout and return air ratio",2025,"ENERGY AND BUILDINGS",2
"WOS:000567856800001","10.1177/1420326x20953458","open-plan office design for improved natural ventilation and reduced mixed mode supplementary loads",2022,"INDOOR AND BUILT ENVIRONMENT",2
"WOS:000390613000063","10.1016/j.egypro.2016.10.196","opening performance simulation in natural ventilation using design builder (case study: a residential home in rasht)",2016,"3RD INTERNATIONAL CONFERENCE ON POWER AND ENERGY SYSTEMS ENGINEERING, CPESE 2016",2
"WOS:001363562800001","10.1016/j.buildenv.2024.112295","optimal control strategy for a cutting-edge hybrid ventilation system in classrooms: comparative analysis based on air pollution levels across cities",2025,"BUILDING AND ENVIRONMENT",2
"WOS:000511706600028","10.1007/s13762-019-02403-6","optimal design of green buildings using computational fluid dynamics and climate simulation tools",2020,"INTERNATIONAL JOURNAL OF ENVIRONMENTAL SCIENCE AND TECHNOLOGY",2
"WOS:001545688300001","10.1016/j.applthermaleng.2025.127696","optimal fresh air distribution control strategy for multi-zone variable air volume air conditioning systems",2025,"APPLIED THERMAL ENGINEERING",2
"WOS:000595153900005","10.1080/17512549.2019.1626764","optimal design of building environment with hybrid genetic algorithm, artificial neural network, multivariate regression analysis and fuzzy logic controller",2020,"ADVANCES IN BUILDING ENERGY RESEARCH",2
"WOS:000750779000010","10.1007/s13204-021-02066-1","optimal technology innovation of teaching buildings for primary and middle schools based on compound negative pressure ventilation",2022,"APPLIED NANOSCIENCE",2
"WOS:001387316500001","10.3390/buildings14123822","optimal ventilation strategies for balancing carbon dioxide and suspended particulate matter concentrations in vehicle cabins",2024,"BUILDINGS",2
"WOS:001601899200001","10.3390/buildings15203718","optimization design of indoor thermal environment and air quality in rural residential buildings in northern china",2025,"BUILDINGS",2
"WOS:001494570300001","10.1016/j.clet.2025.100980","optimizing airflow in double-skin facades: influence of vents design and cavity depth",2025,"CLEANER ENGINEERING AND TECHNOLOGY",2
"WOS:001050576100001","10.3389/fbuil.2019.00097","optimizing hybrid ventilation control strategies toward zero-cooling energy building",2019,"FRONTIERS IN BUILT ENVIRONMENT",2
"WOS:001376257700001","10.3390/app142311138","optimization of energy use and academic performance for educational environments in hot-humid climates",2024,"APPLIED SCIENCES-BASEL",2
"WOS:000721447900002","10.1016/j.jobe.2021.103598","passive action strategies in schools: a scientific mapping towards eco-efficiency in educational buildings",2022,"JOURNAL OF BUILDING ENGINEERING",2
"WOS:001509343700001","10.1016/j.asej.2025.103442","passive climate control innovations in hunan courtyard dwellings: enhancing indoor environmental and energy efficiency through integrated systems",2025,"AIN SHAMS ENGINEERING JOURNAL",2
"WOS:001189414100001","10.1177/1420326x241241530","seasonal field study on thermal comfort in university classrooms in mediterranean climate",2024,"INDOOR AND BUILT ENVIRONMENT",2
"WOS:000458611000008","10.1016/j.buildenv.2019.01.027","set-up and evaluation of a virtual test bed for simulating and comparing single- and mixed-mode ventilation strategies",2019,"BUILDING AND ENVIRONMENT",2
"WOS:000701612900001","10.1016/j.jobe.2021.103108","simulation of passive ventilation strategies towards indoor co2 concentration reduction for passive houses",2021,"JOURNAL OF BUILDING ENGINEERING",2
"WOS:001347009000001","10.1080/14733315.2024.2414663","statistical analysis of natural and mechanical ventilation performance in improving indoor air quality, thermal comfort, and perceived air quality in a healthcare facility",2025,"INTERNATIONAL JOURNAL OF VENTILATION",2
"WOS:001248200900001","10.1016/j.buildenv.2024.111689","students' thermal comfort and cognitive performance in fan-assisted naturally ventilated classrooms in tropical singapore",2024,"BUILDING AND ENVIRONMENT",2
"WOS:000772706800002","10.1016/j.jobe.2021.103675","studies of ventilation and thermal comfort in different wind tower-room configurations considering humidification for a warm climate of mexico",2022,"JOURNAL OF BUILDING ENGINEERING",2
"WOS:000831944600001","10.3390/su14148243","study of natural ventilation and solar control strategies to improve energy efficiency and environmental quality in glazed heated swimming pools in a dry mediterranean climate",2022,"SUSTAINABILITY",2
"WOS:000583082900001","10.3390/su12208687","study of natural ventilation and solar control strategies to improve energy efficiency and environmental quality in glazed heated swimming pools in a dry mediterranean climate",2020,"SUSTAINABILITY",2
"2-S2.0-85133887017","10.1177/1420326x221105628","students' thermal comfort and cognitive performance in fan-assisted naturally ventilated classrooms in tropical singapore",2022,"INDOOR AND BUILT ENVIRONMENT",2
"WOS:001495846900001","10.3390/app15105449","ventilation benefit assessment of space organization design for 'l' type inner corridor buildings",2025,"APPLIED SCIENCES-BASEL",2
